episode,timestep,elapsed_sec,ep_reward,ep_length,final_score,won,peace_win,defeated,rolling_reward_20,rolling_score_20,rolling_winrate_20
1,120,4.0,-61.9,120,4610.0,0,0,1,-61.9,4610.0,0.0
2,216,6.8,-75.33,96,3267.0,0,0,1,-68.615,3938.5,0.0
3,312,9.5,-62.48,96,4552.0,0,0,1,-66.57,4143.0,0.0
4,417,12.4,-72.66,105,3534.0,0,0,1,-68.093,3990.8,0.0
5,510,14.2,-71.76,93,3624.0,0,0,1,-68.826,3917.4,0.0
6,714,18.1,375.5,204,8350.0,1,0,0,5.228,4656.2,0.167
7,798,19.8,-75.35,84,3265.0,0,0,1,-6.283,4457.4,0.143
8,888,22.9,-80.73,90,2727.0,0,0,1,-15.589,4241.1,0.125
9,972,25.3,-73.41,84,3459.0,0,0,1,-22.013,4154.2,0.111
10,1074,27.1,-67.52,102,4048.0,0,0,1,-26.564,4143.6,0.1
11,1293,31.2,498.92,219,10692.0,1,0,0,21.207,4738.9,0.182
12,1392,32.9,-69.69,99,3831.0,0,0,1,13.633,4663.2,0.167
13,1476,34.3,-83.46,84,2454.0,0,0,1,6.164,4493.3,0.154
14,1569,35.8,-71.05,93,3695.0,0,0,1,0.649,4436.3,0.143
15,1674,37.5,-69.31,105,3869.0,0,0,1,-4.015,4398.5,0.133
16,1899,41.1,291.72,225,9972.0,1,0,0,14.468,4746.8,0.188
17,1998,42.8,-70.35,99,3765.0,0,0,1,9.479,4689.1,0.176
18,2085,49.9,-79.86,87,2814.0,0,0,1,4.516,4584.9,0.167
19,2169,52.1,-74.99,84,3301.0,0,0,1,0.331,4517.3,0.158
20,2262,54.5,-76.37,93,3163.0,0,0,1,-3.504,4449.6,0.15
21,2346,56.9,-82.64,84,2536.0,0,0,1,-4.541,4345.9,0.15
22,2592,63.3,199.51,246,10751.0,1,0,0,9.201,4720.1,0.2
23,2685,65.1,-68.77,93,3923.0,0,0,1,8.887,4688.6,0.2
24,2898,69.4,405.02,213,11302.0,1,0,0,32.771,5077.1,0.25
25,2991,72.9,-71.53,93,3647.0,0,0,1,32.782,5078.2,0.25
26,3093,76.0,-69.26,102,3874.0,0,0,1,10.544,4854.4,0.2
27,3372,83.9,296.16,279,10416.0,1,0,0,29.12,5211.9,0.25
28,3456,85.8,-76.95,84,3105.0,0,0,1,29.309,5230.9,0.25
29,3651,89.8,283.74,195,9174.0,1,0,0,47.166,5516.6,0.3
30,3738,91.7,-80.04,87,2796.0,0,0,1,46.54,5454.0,0.3
31,3951,99.0,493.21,213,10121.0,1,0,0,46.255,5425.4,0.3
32,4050,101.8,-84.63,99,2337.0,0,0,1,45.508,5350.8,0.3
33,4230,110.7,606.24,180,11424.0,1,0,0,79.992,5799.2,0.35
34,4317,112.9,-78.04,87,2996.0,0,0,1,79.643,5764.3,0.35
35,4401,114.9,-77.58,84,3042.0,0,0,1,79.23,5722.9,0.35
36,4494,117.4,-73.44,93,3456.0,0,0,1,60.971,5397.1,0.3
37,4701,122.6,493.51,207,10151.0,1,0,0,89.165,5716.4,0.35
38,4788,124.8,-79.3,87,2870.0,0,0,1,89.193,5719.2,0.35
39,5007,130.5,609.82,219,11782.0,1,0,0,123.433,6143.3,0.4
40,5181,135.2,378.55,174,8655.0,1,0,0,146.179,6417.9,0.45
41,5283,138.2,-54.18,102,5382.0,0,0,1,147.602,6560.2,0.45
42,5376,141.0,-64.54,93,4346.0,0,0,1,134.4,6239.9,0.4
43,5475,144.0,-56.02,99,5198.0,0,0,1,135.037,6303.7,0.4
44,5577,147.0,-68.05,102,3995.0,0,0,1,111.383,5938.4,0.35
45,5685,150.2,-55.09,108,5291.0,0,0,1,112.206,6020.6,0.35
46,5778,153.1,-67.42,93,4058.0,0,0,1,112.297,6029.8,0.35
47,5877,156.0,-68.75,99,3925.0,0,0,1,94.052,5705.2,0.3
48,6081,161.4,599.36,204,10736.0,1,0,0,127.867,6086.8,0.35
49,6165,167.9,-74.08,84,3392.0,0,0,1,109.977,5797.6,0.3
50,6252,170.7,-69.67,87,3833.0,0,0,1,110.495,5849.5,0.3
51,6345,173.4,-70.36,93,3764.0,0,0,1,82.317,5531.6,0.25
52,6438,176.1,-77.75,93,3025.0,0,0,1,82.66,5566.1,0.25
53,6663,182.4,292.78,225,10078.0,1,0,0,66.987,5498.8,0.25
54,6885,187.1,486.93,222,9493.0,1,0,0,95.236,5823.6,0.3
55,7068,193.4,405.51,183,11351.0,1,0,0,119.391,6239.1,0.35
56,7161,196.1,-84.58,93,2342.0,0,0,1,118.834,6183.4,0.35
57,7257,198.9,-75.5,96,3250.0,0,0,1,90.383,5838.3,0.3
58,7356,201.7,-66.2,99,4180.0,0,0,1,91.038,5903.8,0.3
59,7542,205.6,491.82,186,9982.0,1,0,0,85.138,5813.8,0.3
60,7749,212.4,373.45,207,8145.0,1,0,0,84.883,5788.3,0.3
61,7845,215.4,-82.01,96,2599.0,0,0,1,83.492,5649.1,0.3
62,7932,218.0,-80.72,87,2728.0,0,0,1,82.682,5568.2,0.3
63,8028,220.1,-79.96,96,2804.0,0,0,1,81.485,5448.6,0.3
64,8112,221.9,-75.45,84,3255.0,0,0,1,81.115,5411.6,0.3
65,8199,227.4,-70.4,87,3760.0,0,0,1,80.35,5335.0,0.3
66,8283,228.9,-77.1,84,3090.0,0,0,1,79.866,5286.6,0.3
67,8469,232.7,292.17,186,10017.0,1,0,0,97.912,5591.2,0.35
68,8577,235.8,-69.63,108,3837.0,0,0,1,64.463,5246.2,0.3
69,8778,239.7,592.34,201,10034.0,1,0,0,97.784,5578.4,0.35
70,8880,242.3,-66.51,102,4149.0,0,0,1,97.942,5594.1,0.35
71,8979,246.0,-73.32,99,3468.0,0,0,1,97.794,5579.4,0.35
72,9228,253.5,380.49,249,8849.0,1,0,0,120.705,5870.6,0.4
73,9417,257.8,495.29,189,10329.0,1,0,0,130.831,5883.1,0.4
74,9504,259.6,-77.66,87,3034.0,0,0,1,102.602,5560.1,0.35
75,9675,265.2,574.48,171,8248.0,1,0,0,111.05,5405.0,0.35
76,9768,267.7,-76.68,93,3132.0,0,0,1,111.445,5444.5,0.35
77,9864,270.4,-71.42,96,3658.0,0,0,1,111.649,5464.9,0.35
78,10062,275.9,375.43,198,8343.0,1,0,0,133.73,5673.1,0.4
79,10161,278.7,-72.86,99,3514.0,0,0,1,105.496,5349.6,0.35
80,10398,289.7,190.56,237,9856.0,1,0,0,96.352,5435.2,0.35
81,10602,294.4,512.65,204,12065.0,1,0,0,126.085,5908.5,0.4
82,10701,296.3,-77.92,99,3008.0,0,0,1,126.225,5922.5,0.4
83,10806,298.3,-68.62,105,3938.0,0,0,1,126.792,5979.2,0.4
84,10902,300.3,-79.99,96,2801.0,0,0,1,126.565,5956.5,0.4
85,11181,308.6,302.21,279,11021.0,1,0,0,145.196,6319.6,0.45
86,11268,311.2,-74.77,87,3323.0,0,0,1,145.312,6331.2,0.45
87,11457,315.7,381.19,189,8919.0,1,0,0,149.763,6276.3,0.45
88,11562,317.6,-66.74,105,4126.0,0,0,1,149.908,6290.8,0.45
89,11655,320.8,-67.0,93,4100.0,0,0,1,116.941,5994.1,0.4
90,11751,323.5,-66.83,96,4117.0,0,0,1,116.925,5992.4,0.4
91,11838,325.9,-70.53,87,3747.0,0,0,1,117.064,6006.4,0.4
92,11925,328.4,-71.11,87,3689.0,0,0,1,94.484,5748.4,0.35
93,12024,331.3,-79.61,99,2839.0,0,0,1,65.739,5373.9,0.3
94,12120,333.2,-79.43,96,2857.0,0,0,1,65.651,5365.1,0.3
95,12216,335.1,-73.52,96,3448.0,0,0,1,33.251,5125.1,0.25
96,12312,341.3,-74.59,96,3341.0,0,0,1,33.355,5135.5,0.25
97,12504,347.1,287.04,192,9504.0,1,0,0,51.278,5427.8,0.3
98,12600,349.8,-63.29,96,4471.0,0,0,1,29.342,5234.2,0.25
99,12693,352.4,-67.92,93,4008.0,0,0,1,29.589,5258.9,0.25
100,12786,355.1,-70.25,93,3775.0,0,0,1,16.549,4954.9,0.2
101,12873,357.1,-73.48,87,3452.0,0,0,1,-12.758,4524.2,0.15
102,12960,359.0,-69.68,87,3832.0,0,0,1,-12.346,4565.4,0.15
103,13170,365.2,624.46,210,13246.0,1,0,0,22.308,5030.8,0.2
104,13263,367.9,-66.42,93,4158.0,0,0,1,22.987,5098.6,0.2
105,13359,370.7,-72.9,96,3510.0,0,0,1,4.231,4723.1,0.15
106,13566,376.4,474.59,207,8259.0,1,0,0,31.699,4969.9,0.2
107,13665,378.6,-79.12,99,2888.0,0,0,1,8.683,4668.4,0.15
108,13887,385.0,494.05,222,10205.0,1,0,0,36.723,4972.3,0.2
109,14076,388.9,382.57,189,9057.0,1,0,0,59.201,5220.1,0.25
110,14202,391.2,-37.61,126,7039.0,0,0,1,60.663,5366.2,0.25
111,14391,396.3,465.66,189,7366.0,1,0,0,87.472,5547.2,0.3
112,14487,399.7,-89.79,96,1821.0,0,0,1,86.538,5453.8,0.3
113,14676,404.8,572.74,189,8074.0,1,0,0,119.156,5715.6,0.35
114,14775,407.5,-71.55,99,3645.0,0,0,1,119.549,5754.9,0.35
115,14904,410.4,-44.12,129,6388.0,0,0,1,121.02,5901.9,0.35
116,15078,414.1,598.88,174,10688.0,1,0,0,154.693,6269.3,0.4
117,15165,417.2,-81.98,87,2602.0,0,0,1,136.242,5924.2,0.35
118,15345,422.2,480.12,180,8812.0,1,0,0,163.412,6141.2,0.4
119,15639,428.6,301.25,294,10925.0,1,0,0,181.871,6487.1,0.45
120,15813,434.6,591.59,174,9959.0,1,0,0,214.963,6796.3,0.5
121,16011,440.6,582.76,198,9076.0,1,0,0,247.775,7077.5,0.55
122,16098,442.3,-74.43,87,3357.0,0,0,1,247.537,7053.8,0.55
123,16185,444.0,-82.12,87,2588.0,0,0,1,212.209,6520.9,0.5
124,16284,446.8,-67.7,99,4030.0,0,0,1,212.145,6514.4,0.5
125,16383,450.3,-64.51,99,4349.0,0,0,1,212.564,6556.4,0.5
126,16632,460.6,387.29,249,9529.0,1,0,0,208.199,6619.9,0.5
127,16731,464.2,-71.52,99,3648.0,0,0,1,208.579,6657.9,0.5
128,16920,469.6,-18.52,189,8948.0,0,0,1,182.95,6595.1,0.45
129,17157,475.2,543.99,237,15199.0,1,0,0,191.022,6902.1,0.45
130,17244,478.0,-77.64,87,3036.0,0,0,1,189.02,6702.0,0.45
131,17463,484.6,294.28,219,10228.0,1,0,0,180.451,6845.1,0.45
132,17571,487.4,-56.57,108,5143.0,0,0,1,182.112,7011.2,0.45
133,17754,491.7,166.99,183,7499.0,0,0,1,161.825,6982.4,0.4
134,17868,494.2,-62.45,114,4555.0,0,0,1,162.28,7027.9,0.4
135,17964,495.9,-64.43,96,4357.0,0,0,1,161.264,6926.4,0.4
136,18060,497.6,-65.35,96,4265.0,0,0,1,128.053,6605.2,0.35
137,18255,500.2,170.44,195,7844.0,0,0,1,140.674,6867.4,0.35
138,18339,501.6,-80.94,84,2706.0,0,0,1,112.621,6562.1,0.3
139,18423,503.2,-77.47,84,3053.0,0,0,1,93.685,6168.4,0.25
140,18588,512.8,161.17,165,6917.0,0,0,1,72.163,6016.4,0.2
141,18687,515.1,-74.41,99,3359.0,0,0,1,39.305,5730.5,0.15
142,18771,516.9,-79.51,84,2849.0,0,0,1,39.051,5705.1,0.15
143,18972,523.2,510.42,201,11842.0,1,0,0,68.678,6167.8,0.2
144,19104,527.2,57.09,132,6509.0,0,0,1,74.918,6291.8,0.2
145,19311,533.2,634.08,207,14208.0,1,0,0,109.847,6784.7,0.25
146,19404,535.2,-58.8,93,4920.0,0,0,1,87.543,6554.2,0.2
147,19581,539.0,594.88,177,10288.0,1,0,0,120.862,6886.2,0.25
148,19680,540.8,-62.5,99,4550.0,0,0,1,118.663,6666.4,0.25
149,19782,542.5,-67.85,102,4015.0,0,0,1,88.072,6107.1,0.2
150,19992,546.5,293.29,210,10129.0,1,0,0,106.618,6461.8,0.25
151,20211,550.2,289.38,219,9738.0,1,0,0,106.373,6437.3,0.25
152,20310,551.9,-76.14,99,3186.0,0,0,1,105.395,6339.4,0.25
153,20502,560.3,384.01,192,9201.0,1,0,0,116.245,6424.6,0.3
154,20667,565.0,477.21,165,8521.0,1,0,0,143.228,6622.9,0.35
155,20844,569.6,604.33,177,11233.0,1,0,0,176.666,6966.6,0.4
156,21003,572.8,582.8,159,9080.0,1,0,0,209.074,7207.4,0.45
157,21180,578.7,518.02,177,12602.0,1,0,0,226.453,7445.3,0.5
158,21267,581.2,-77.95,87,3005.0,0,0,1,226.603,7460.2,0.5
159,21354,583.6,-84.32,87,2368.0,0,0,1,226.26,7426.0,0.5
160,21549,588.3,585.05,195,9305.0,1,0,0,247.454,7545.4,0.55
161,21726,591.7,584.99,177,9299.0,1,0,0,280.424,7842.4,0.6
162,21882,597.3,574.2,156,8220.0,1,0,0,313.11,8110.9,0.65
163,22101,603.7,577.99,219,8599.0,1,0,0,316.488,7948.8,0.65
164,22308,608.0,591.0,207,9900.0,1,0,0,343.183,8118.4,0.7
165,22404,610.2,-67.57,96,4043.0,0,0,1,308.101,7610.1,0.65
166,22500,613.6,-61.13,96,4687.0,0,0,1,307.984,7598.4,0.65
167,22701,622.2,286.67,201,9467.0,1,0,0,292.574,7557.4,0.65
168,22911,628.6,390.48,210,9848.0,1,0,0,315.223,7822.3,0.7
169,23010,631.6,-64.43,99,4357.0,0,0,1,315.394,7839.4,0.7
170,23175,636.2,483.85,165,9185.0,1,0,0,324.922,7792.2,0.7
171,23271,638.0,-67.15,96,4085.0,0,0,1,307.096,7509.6,0.65
172,23376,641.5,-72.45,105,3555.0,0,0,1,307.28,7528.0,0.65
173,23472,644.6,-77.95,96,3005.0,0,0,1,284.182,7218.2,0.6
174,23661,649.7,605.94,189,11394.0,1,0,0,290.619,7361.9,0.6
175,23754,651.6,-67.99,93,4001.0,0,0,1,257.003,7000.2,0.55
176,23973,658.6,501.48,219,10948.0,1,0,0,252.936,7093.6,0.55
177,24156,663.6,601.0,183,10900.0,1,0,0,257.086,7008.6,0.55
178,24345,668.9,582.85,189,9085.0,1,0,0,290.125,7312.6,0.6
179,24528,674.6,380.44,183,8844.0,1,0,0,313.363,7636.4,0.65
180,24735,683.4,408.61,207,11661.0,1,0,0,304.541,7754.1,0.65
181,24915,689.6,493.1,180,10110.0,1,0,0,299.947,7794.7,0.65
182,25122,695.8,387.88,207,9588.0,1,0,0,290.631,7863.1,0.65
183,25269,699.4,575.74,147,8374.0,1,0,0,290.519,7851.9,0.65
184,25461,704.7,520.92,192,12892.0,1,0,0,287.015,8001.4,0.65
185,25668,711.1,620.69,207,12869.0,1,0,0,321.427,8442.8,0.7
186,25770,713.9,-68.95,102,3905.0,0,0,1,321.037,8403.6,0.7
187,25962,717.7,588.58,192,9658.0,1,0,0,336.132,8413.2,0.7
188,26049,720.4,-74.44,87,3356.0,0,0,1,312.886,8088.6,0.65
189,26214,725.7,588.74,165,9674.0,1,0,0,345.545,8354.5,0.7
190,26310,728.4,-72.46,96,3554.0,0,0,1,317.729,8072.9,0.65
191,26406,731.2,-64.64,96,4336.0,0,0,1,317.855,8085.4,0.65
192,26595,735.6,497.35,189,10535.0,1,0,0,346.344,8434.5,0.7
193,26823,746.5,649.77,228,15777.0,1,0,0,382.731,9073.0,0.75
194,27000,751.1,599.6,177,10760.0,1,0,0,382.413,9041.4,0.75
195,27180,754.5,585.6,180,9360.0,1,0,0,415.093,9309.3,0.8
196,27276,756.6,-67.72,96,4028.0,0,0,1,386.633,8963.3,0.75
197,27489,763.3,494.25,213,10225.0,1,0,0,381.296,8929.5,0.75
198,27585,766.1,-68.16,96,3984.0,0,0,1,348.745,8674.5,0.7
199,27762,769.2,587.66,177,9566.0,1,0,0,359.106,8710.6,0.7
200,27957,771.2,491.85,195,9985.0,1,0,0,363.268,8626.8,0.7
201,28053,773.1,-73.14,96,3486.0,0,0,1,334.956,8295.6,0.65
202,28152,775.6,-74.9,99,3310.0,0,0,1,311.817,7981.7,0.6
203,28365,780.7,600.02,213,10802.0,1,0,0,313.031,8103.1,0.6
204,28461,782.3,-65.17,96,4283.0,0,0,1,283.727,7672.6,0.55
205,28566,784.1,-62.94,105,4506.0,0,0,1,249.545,7254.5,0.5
206,28662,785.8,-74.85,96,3315.0,0,0,1,249.25,7225.0,0.5
207,28827,795.0,589.29,165,9729.0,1,0,0,249.285,7228.6,0.5
208,29004,799.8,593.66,177,10166.0,1,0,0,282.69,7569.1,0.55
209,29193,803.7,498.93,189,10693.0,1,0,0,278.2,7620.0,0.55
210,29364,806.9,487.27,171,9527.0,1,0,0,306.186,7918.6,0.6
211,29532,812.1,604.56,168,11256.0,1,0,0,339.646,8264.6,0.65
212,29619,813.6,-75.75,87,3225.0,0,0,1,310.991,7899.1,0.6
213,29706,815.1,-78.09,87,2991.0,0,0,1,274.598,7259.9,0.55
214,29907,818.6,272.84,201,8084.0,1,0,0,258.26,7126.1,0.55
215,30105,822.6,281.64,198,8964.0,1,0,0,243.062,7106.2,0.55
216,30264,827.0,-44.74,159,6326.0,0,0,1,244.212,7221.1,0.55
217,30462,833.1,488.03,198,9603.0,1,0,0,243.901,7190.1,0.55
218,30708,838.5,190.78,246,9878.0,1,0,0,256.847,7484.8,0.6
219,30879,848.1,620.05,171,12805.0,1,0,0,258.467,7646.7,0.6
220,31044,852.5,488.43,165,9643.0,1,0,0,258.296,7629.6,0.6
221,31173,855.2,67.75,129,7575.0,0,0,1,265.341,7834.1,0.6
222,31266,857.1,-63.64,93,4436.0,0,0,1,265.904,7890.4,0.6
223,31443,861.4,587.6,177,9560.0,1,0,0,265.283,7828.2,0.6
224,31593,866.1,480.95,150,8895.0,1,0,0,292.589,8058.9,0.65
225,31707,869.3,-59.18,114,4882.0,0,0,1,292.776,8077.6,0.65
226,31809,872.2,-57.74,102,5026.0,0,0,1,293.632,8163.2,0.65
227,31983,876.1,617.58,174,12558.0,1,0,0,295.046,8304.6,0.65
228,32142,879.3,580.01,159,8801.0,1,0,0,294.364,8236.4,0.65
229,32316,884.3,591.52,174,9952.0,1,0,0,298.994,8199.4,0.65
230,32400,886.5,-78.81,84,2919.0,0,0,1,270.69,7868.9,0.6
231,32550,890.3,584.4,150,9240.0,1,0,0,269.682,7768.1,0.6
232,32748,895.2,272.4,198,8040.0,1,0,0,287.089,8008.9,0.65
233,32934,904.9,632.03,186,14003.0,1,0,0,322.595,8559.5,0.7
234,33114,909.9,583.63,180,9163.0,1,0,0,338.135,8613.5,0.7
235,33279,914.5,258.42,165,6642.0,0,0,1,336.973,8497.4,0.65
236,33444,919.1,478.57,165,8657.0,1,0,0,363.139,8613.9,0.7
237,33582,922.9,58.74,138,6674.0,0,0,1,341.674,8467.5,0.65
238,33747,926.5,477.54,165,8554.0,1,0,0,356.012,8401.2,0.65
239,33927,932.2,477.58,180,8558.0,1,0,0,348.889,8188.9,0.65
240,34095,936.9,594.12,168,10212.0,1,0,0,354.173,8217.4,0.65
241,34203,939.3,-56.16,108,5184.0,0,0,1,347.978,8097.8,0.65
242,34317,941.7,-45.93,114,6207.0,0,0,1,348.863,8186.4,0.65
243,34485,947.6,498.28,168,10628.0,1,0,0,344.397,8239.8,0.65
244,34584,950.6,-70.26,99,3774.0,0,0,1,316.837,7983.7,0.6
245,34749,954.8,582.87,165,9087.0,1,0,0,348.939,8194.0,0.65
246,34944,964.8,593.2,195,10120.0,1,0,0,381.486,8448.6,0.7
247,35121,969.9,477.37,177,8537.0,1,0,0,374.476,8247.6,0.7
248,35283,973.4,272.46,162,8046.0,1,0,0,359.098,8209.9,0.7
249,35439,978.5,468.47,156,7647.0,1,0,0,352.946,8094.6,0.7
250,35592,983.0,472.22,153,8022.0,1,0,0,380.498,8349.8,0.75
251,35721,986.8,56.02,129,6402.0,0,0,1,354.079,8207.9,0.7
252,35901,991.6,481.28,180,8928.0,1,0,0,364.523,8252.2,0.7
253,36054,994.9,592.79,153,10079.0,1,0,0,362.56,8056.1,0.7
254,36207,1000.2,588.82,153,9682.0,1,0,0,362.82,8082.0,0.7
255,36312,1003.3,-66.76,105,4124.0,0,0,1,346.561,7956.1,0.7
256,36567,1010.4,301.65,255,10965.0,1,0,0,337.715,8071.5,0.7
257,36681,1012.8,-70.34,114,3766.0,0,0,1,331.261,7926.1,0.7
258,36864,1018.9,588.65,183,9665.0,1,0,0,336.816,7981.6,0.7
259,37017,1027.6,583.8,153,9180.0,1,0,0,342.127,8012.8,0.7
260,37113,1029.8,-73.19,96,3481.0,0,0,1,308.762,7676.2,0.65
261,37251,1032.6,162.46,138,7046.0,0,0,1,319.693,7769.3,0.65
262,37434,1038.4,487.19,183,9519.0,1,0,0,346.349,7934.9,0.7
263,37632,1044.1,495.23,198,10323.0,1,0,0,346.197,7919.6,0.7
264,37818,1049.1,568.02,186,7602.0,1,0,0,378.11,8111.1,0.75
265,37977,1052.5,584.3,159,9230.0,1,0,0,378.182,8118.2,0.75
266,38076,1055.8,-69.63,99,3837.0,0,0,1,345.04,7804.1,0.7
267,38229,1060.7,582.8,153,9080.0,1,0,0,350.312,7831.2,0.7
268,38421,1066.4,587.96,192,9596.0,1,0,0,366.087,7908.7,0.7
269,38604,1070.7,477.86,183,8586.0,1,0,0,366.556,7955.6,0.7
270,38787,1074.7,376.42,183,8442.0,1,0,0,361.767,7976.6,0.7
271,38967,1082.7,495.75,180,10375.0,1,0,0,383.753,8175.3,0.75
272,39198,1087.3,491.45,231,9945.0,1,0,0,384.261,8226.1,0.75
273,39339,1090.9,580.93,141,8893.0,1,0,0,383.668,8166.9,0.75
274,39507,1094.0,483.18,168,9118.0,1,0,0,378.387,8138.6,0.75
275,39696,1099.5,485.5,189,9350.0,1,0,0,406.0,8400.0,0.8
276,39867,1104.2,475.94,171,8394.0,1,0,0,414.714,8271.4,0.8
277,40008,1107.6,463.15,141,7115.0,1,0,0,441.389,8438.9,0.85
278,40185,1112.5,476.56,177,8456.0,1,0,0,435.784,8378.4,0.85
279,40374,1117.6,581.8,189,8980.0,1,0,0,435.684,8368.4,0.85
280,40563,1122.8,391.7,189,9970.0,1,0,0,458.928,8692.9,0.9
281,40728,1126.2,593.18,165,10118.0,1,0,0,480.465,8846.5,0.95
282,40881,1131.2,474.46,153,8246.0,1,0,0,479.828,8782.8,0.95
283,41055,1139.6,569.92,174,7792.0,1,0,0,483.562,8656.2,0.95
284,41247,1143.4,488.48,192,9648.0,1,0,0,479.585,8758.5,0.95
285,41397,1148.6,575.03,150,8303.0,1,0,0,479.122,8712.2,0.95
286,41565,1153.5,479.86,168,8786.0,1,0,0,506.596,8959.6,1.0
287,41679,1156.6,25.71,114,3371.0,0,0,1,478.742,8674.2,0.95
288,41844,1160.0,586.63,165,9463.0,1,0,0,478.675,8667.5,0.95
289,42036,1165.8,589.75,192,9775.0,1,0,0,484.27,8727.0,0.95
290,42213,1170.9,604.6,177,11260.0,1,0,0,495.679,8867.9,0.95
291,42390,1175.8,462.37,177,7037.0,1,0,0,494.01,8701.0,0.95
292,42582,1179.7,575.18,192,8318.0,1,0,0,498.197,8619.6,0.95
293,42768,1185.1,478.89,186,8689.0,1,0,0,493.094,8609.5,0.95
294,42957,1190.7,479.33,189,8733.0,1,0,0,492.902,8590.2,0.95
295,43107,1198.3,566.87,150,7487.0,1,0,0,496.971,8497.0,0.95
296,43248,1202.7,586.03,141,9403.0,1,0,0,502.475,8547.5,0.95
297,43416,1207.9,572.7,168,8070.0,1,0,0,507.953,8595.2,0.95
298,43527,1210.9,-81.5,111,2650.0,0,0,1,480.05,8305.0,0.9
299,43692,1214.3,574.98,165,8298.0,1,0,0,479.709,8270.9,0.9
300,43884,1220.4,576.88,192,8488.0,1,0,0,488.967,8196.8,0.9
301,44031,1224.4,585.27,147,9327.0,1,0,0,488.572,8157.2,0.9
302,44199,1228.0,466.74,168,7474.0,1,0,0,488.186,8118.6,0.9
303,44394,1233.1,580.46,195,8846.0,1,0,0,488.713,8171.3,0.9
304,44559,1238.5,480.4,165,8840.0,1,0,0,488.309,8130.9,0.9
305,44694,1242.6,570.87,135,7887.0,1,0,0,488.101,8110.1,0.9
306,44844,1247.2,465.64,150,7364.0,1,0,0,487.39,8039.0,0.9
307,44982,1250.2,581.0,138,8900.0,1,0,0,515.154,8315.5,0.95
308,45108,1255.2,152.14,126,6014.0,0,0,1,493.43,8143.0,0.9
309,45291,1259.6,591.23,183,9923.0,1,0,0,493.504,8150.4,0.9
310,45402,1261.9,41.55,111,4955.0,0,0,1,465.351,7835.1,0.85
311,45546,1265.8,469.24,144,7724.0,1,0,0,465.695,7869.5,0.85
312,45687,1268.5,469.44,141,7744.0,1,0,0,460.408,7840.8,0.85
313,45837,1272.2,258.36,150,6636.0,0,0,1,449.382,7738.1,0.8
314,45984,1276.7,249.61,147,5761.0,0,0,1,437.896,7589.6,0.75
315,46209,1283.0,395.59,225,10359.0,1,0,0,429.331,7733.1,0.75
316,46344,1286.2,578.52,135,8652.0,1,0,0,428.956,7695.6,0.75
317,46464,1288.7,48.75,120,5675.0,0,0,1,402.759,7575.9,0.7
318,46602,1293.4,560.0,138,6800.0,1,0,0,434.834,7783.4,0.75
319,46719,1296.8,46.95,117,5495.0,0,0,1,408.432,7643.2,0.7
320,46917,1302.0,294.31,198,10231.0,0,0,1,394.303,7730.4,0.65
321,47073,1305.8,467.36,156,7536.0,1,0,0,388.408,7640.8,0.65
322,47214,1314.8,251.59,141,5959.0,0,0,1,377.65,7565.1,0.6
323,47355,1318.6,572.77,141,8077.0,1,0,0,377.266,7526.6,0.6
324,47499,1321.6,587.56,144,9556.0,1,0,0,382.624,7562.4,0.6
325,47622,1325.8,155.17,123,6317.0,0,0,1,361.839,7483.9,0.55
326,47724,1328.7,-55.43,102,5257.0,0,0,1,335.785,7378.6,0.5
327,47907,1334.1,485.79,183,9379.0,1,0,0,331.025,7402.5,0.5
328,48048,1337.3,577.94,141,8594.0,1,0,0,352.315,7531.5,0.55
329,48216,1342.9,84.4,168,9240.0,0,0,1,326.973,7497.4,0.5
330,48462,1349.1,303.28,246,11128.0,1,0,0,340.06,7806.0,0.55
331,48594,1350.6,570.34,132,7834.0,1,0,0,345.115,7811.5,0.55
332,48753,1352.9,600.44,159,10844.0,1,0,0,351.665,7966.5,0.55
333,48933,1357.0,579.85,180,8785.0,1,0,0,367.739,8073.9,0.6
334,49110,1361.5,575.58,177,8358.0,1,0,0,384.038,8203.8,0.65
335,49269,1368.9,589.13,159,9713.0,1,0,0,393.715,8171.5,0.65
336,49425,1373.0,370.31,156,7831.0,1,0,0,383.305,8130.4,0.65
337,49518,1375.0,-77.72,93,3028.0,0,0,1,376.981,7998.1,0.65
338,49638,1377.3,-65.56,120,4244.0,0,0,1,345.703,7870.3,0.6
339,49791,1382.0,464.47,153,7247.0,1,0,0,366.579,7957.9,0.65
340,49941,1385.6,-47.1,150,6090.0,0,0,1,349.508,7750.9,0.65
341,50085,1389.4,269.48,144,7748.0,0,0,1,339.614,7761.4,0.6
342,50238,1392.5,257.24,153,6524.0,0,0,1,339.897,7789.7,0.6
343,50376,1397.0,259.69,138,6769.0,0,0,1,324.243,7724.3,0.55
344,50478,1400.0,-67.93,102,4007.0,0,0,1,291.469,7446.9,0.5
345,50670,1405.4,374.15,192,8215.0,1,0,0,302.417,7541.8,0.55
346,50790,1407.9,148.93,120,5693.0,0,0,1,312.635,7563.6,0.55
347,50919,1412.4,149.38,129,5738.0,0,0,1,295.815,7381.5,0.5
348,51078,1417.1,480.51,159,8851.0,1,0,0,290.943,7394.4,0.5
349,51249,1424.7,574.82,171,8282.0,1,0,0,315.464,7346.4,0.55
350,51402,1429.6,588.47,153,9647.0,1,0,0,329.724,7272.4,0.55
351,51591,1435.1,581.13,189,8913.0,1,0,0,330.264,7326.4,0.55
352,51741,1439.4,589.31,150,9731.0,1,0,0,329.707,7270.7,0.55
353,51894,1442.9,576.6,153,8460.0,1,0,0,329.545,7254.4,0.55
354,51999,1445.0,-68.81,105,3919.0,0,0,1,297.325,7032.5,0.5
355,52152,1448.6,159.21,153,6721.0,0,0,1,275.829,6882.9,0.45
356,52272,1452.8,152.36,120,6036.0,0,0,1,264.932,6793.1,0.4
357,52419,1457.2,363.26,147,7126.0,1,0,0,286.981,6998.1,0.45
358,52557,1461.3,583.61,138,9161.0,1,0,0,319.439,7243.9,0.5
359,52680,1463.6,145.75,123,5375.0,0,0,1,303.503,7150.3,0.45
360,52821,1466.1,584.6,141,9260.0,1,0,0,335.088,7308.8,0.5
361,52968,1468.6,584.81,147,9281.0,1,0,0,350.855,7385.4,0.55
362,53115,1473.3,355.85,147,6385.0,0,0,1,355.785,7378.5,0.55
363,53268,1481.2,156.13,153,6413.0,0,0,1,350.607,7360.7,0.55
364,53436,1485.3,578.87,168,8687.0,1,0,0,382.947,7594.7,0.6
365,53583,1489.0,577.51,147,8551.0,1,0,0,393.115,7611.5,0.6
366,53727,1493.9,469.71,144,7771.0,1,0,0,409.154,7715.4,0.65
367,53883,1498.5,479.7,156,8770.0,1,0,0,425.67,7867.0,0.7
368,54054,1503.0,365.04,171,7304.0,0,0,1,419.897,7789.6,0.65
369,54207,1506.3,581.78,153,8978.0,1,0,0,420.244,7824.4,0.65
370,54345,1510.5,583.12,138,9112.0,1,0,0,419.977,7797.7,0.65
371,54492,1514.8,370.56,147,7856.0,0,0,1,409.448,7744.9,0.6
372,54600,1518.1,46.11,108,5411.0,0,0,1,382.288,7528.9,0.55
373,54801,1522.5,484.44,201,9244.0,1,0,0,377.68,7568.1,0.55
374,54972,1528.5,575.54,171,8354.0,1,0,0,409.898,7789.8,0.6
375,55116,1532.1,568.84,144,7684.0,1,0,0,430.379,7837.9,0.65
376,55248,1534.4,253.93,132,6193.0,0,0,1,435.458,7845.8,0.65
377,55386,1538.5,567.8,138,7580.0,1,0,0,445.685,7868.5,0.65
378,55545,1541.1,166.43,159,7443.0,0,0,1,424.826,7782.6,0.6
379,55677,1544.6,156.93,132,6493.0,0,0,1,425.385,7838.5,0.6
380,55773,1547.9,-63.94,96,4406.0,0,0,1,392.958,7595.8,0.55
381,55923,1552.4,586.52,150,9452.0,1,0,0,393.044,7604.4,0.55
382,56082,1556.5,561.72,159,6972.0,1,0,0,403.337,7633.7,0.6
383,56253,1560.4,487.89,171,9589.0,1,0,0,419.925,7792.5,0.65
384,56388,1564.8,146.95,135,5495.0,0,0,1,398.329,7632.9,0.6
385,56541,1569.2,578.14,153,8614.0,1,0,0,398.361,7636.1,0.6
386,56694,1573.2,580.05,153,8805.0,1,0,0,403.878,7687.8,0.6
387,56853,1574.8,582.16,159,9016.0,1,0,0,409.0,7700.1,0.6
388,57000,1578.3,462.28,147,7028.0,1,0,0,413.863,7686.2,0.65
389,57147,1580.9,585.27,147,9327.0,1,0,0,414.037,7703.7,0.65
390,57339,1584.4,476.66,192,8466.0,1,0,0,408.714,7671.4,0.65
391,57462,1592.3,44.44,123,5244.0,0,0,1,392.408,7540.8,0.65
392,57621,1597.0,565.04,159,7304.0,1,0,0,418.355,7635.4,0.7
393,57756,1600.1,254.72,135,6272.0,0,0,1,406.868,7486.9,0.65
394,57924,1605.0,575.48,168,8348.0,1,0,0,406.865,7486.6,0.65
395,58077,1609.6,574.46,153,8246.0,1,0,0,407.147,7514.6,0.65
396,58182,1612.4,-71.35,105,3665.0,0,0,1,390.883,7388.2,0.65
397,58353,1616.5,492.27,171,10027.0,1,0,0,387.106,7510.6,0.65
398,58521,1621.4,580.45,168,8845.0,1,0,0,407.807,7580.7,0.7
399,58686,1625.6,358.93,165,6693.0,0,0,1,417.907,7590.7,0.7
400,58785,1628.6,-64.75,99,4325.0,0,0,1,417.866,7586.6,0.7
401,58932,1630.3,492.41,147,10041.0,1,0,0,413.161,7616.1,0.7
402,59076,1631.7,475.31,144,8331.0,1,0,0,408.841,7684.1,0.7
403,59238,1634.7,484.86,162,9286.0,1,0,0,408.689,7668.9,0.7
404,59382,1636.6,571.92,144,7992.0,1,0,0,429.938,7793.8,0.75
405,59523,1642.1,163.75,141,7175.0,0,0,1,409.218,7721.8,0.7
406,59658,1644.3,580.44,135,8844.0,1,0,0,409.238,7723.8,0.7
407,59820,1648.7,576.13,162,8413.0,1,0,0,408.936,7693.6,0.7
408,59982,1652.5,483.18,162,9118.0,1,0,0,409.981,7798.1,0.7
409,60141,1656.6,580.42,159,8842.0,1,0,0,409.739,7773.9,0.7
410,60315,1661.0,576.95,174,8495.0,1,0,0,414.753,7775.3,0.7
411,60474,1663.7,477.09,159,8509.0,1,0,0,436.386,7938.6,0.75
412,60639,1669.4,565.84,165,7384.0,1,0,0,436.425,7942.6,0.75
413,60843,1675.4,591.35,204,9935.0,1,0,0,453.257,8125.7,0.8
414,60975,1677.5,148.12,132,5612.0,0,0,1,431.889,7988.9,0.75
415,61182,1683.3,-9.24,207,9876.0,0,0,1,402.704,8070.4,0.7
416,61320,1687.4,487.08,138,9508.0,1,0,0,430.626,8362.5,0.75
417,61476,1694.5,472.8,156,8080.0,1,0,0,429.652,8265.2,0.75
418,61662,1699.9,80.75,186,8875.0,0,0,1,404.667,8266.7,0.7
419,61821,1704.2,261.48,159,6948.0,0,0,1,399.795,8279.5,0.7
420,61974,1708.5,481.32,153,8932.0,1,0,0,427.098,8509.8,0.75
421,62136,1711.8,472.33,162,8033.0,1,0,0,426.094,8409.4,0.75
422,62337,1715.8,79.65,201,8765.0,0,0,1,406.311,8431.1,0.7
423,62472,1720.2,153.31,135,6131.0,0,0,1,389.733,8273.4,0.65
424,62625,1724.5,568.71,153,7671.0,1,0,0,389.573,8257.3,0.65
425,62784,1728.6,580.17,159,8817.0,1,0,0,410.394,8339.4,0.7
426,63000,1732.9,578.38,216,8638.0,1,0,0,410.291,8329.1,0.7
427,63135,1737.4,150.38,135,5838.0,0,0,1,389.004,8200.4,0.65
428,63285,1741.6,451.4,150,5940.0,1,0,0,387.414,8041.4,0.65
429,63444,1746.0,590.7,159,9870.0,1,0,0,387.929,8092.9,0.65
430,63627,1752.8,468.4,183,7640.0,1,0,0,382.501,8050.1,0.65
431,63786,1757.8,481.98,159,8998.0,1,0,0,382.745,8074.6,0.65
432,63957,1762.1,571.35,171,7935.0,1,0,0,383.021,8102.1,0.65
433,64146,1766.5,599.96,189,10796.0,1,0,0,383.452,8145.1,0.65
434,64305,1769.2,576.78,159,8478.0,1,0,0,404.885,8288.5,0.7
435,64452,1771.6,572.49,147,8049.0,1,0,0,433.971,8197.1,0.75
436,64599,1774.1,-40.02,147,6798.0,0,0,1,407.616,8061.6,0.7
437,64749,1776.4,570.15,150,7815.0,1,0,0,412.483,8048.4,0.7
438,64899,1779.2,469.41,150,7741.0,1,0,0,431.916,7991.6,0.75
439,65037,1782.0,274.03,138,8203.0,0,0,1,432.544,8054.4,0.75
440,65193,1784.8,359.99,156,6799.0,1,0,0,426.477,7947.8,0.75
441,65340,1789.7,572.12,147,8012.0,1,0,0,431.467,7946.7,0.75
442,65478,1793.2,566.17,138,7417.0,1,0,0,455.793,7879.3,0.8
443,65631,1800.7,272.8,153,8080.0,0,0,1,461.767,7976.8,0.8
444,65793,1804.0,571.08,162,7908.0,1,0,0,461.886,7988.6,0.8
445,65934,1807.0,162.01,141,7001.0,0,0,1,440.978,7897.8,0.75
446,66066,1808.9,564.34,132,7234.0,1,0,0,440.276,7827.6,0.75
447,66219,1814.0,462.67,153,7067.0,1,0,0,455.89,7889.1,0.8
448,66369,1818.2,460.78,150,6878.0,1,0,0,456.36,7935.9,0.8
449,66465,1821.0,-60.62,96,4738.0,0,0,1,423.793,7679.4,0.75
450,66603,1824.3,49.4,138,5740.0,0,0,1,402.843,7584.4,0.7
451,66777,1827.6,570.99,174,7899.0,1,0,0,407.294,7529.4,0.7
452,66930,1830.5,464.85,153,7285.0,1,0,0,401.969,7496.9,0.7
453,67059,1833.2,145.09,129,5309.0,0,0,1,379.226,7222.6,0.65
454,67209,1836.2,456.3,150,6430.0,1,0,0,373.202,7120.1,0.65
455,67353,1841.0,584.97,144,9297.0,1,0,0,373.826,7182.6,0.65
456,67491,1844.8,259.29,138,6729.0,0,0,1,388.791,7179.1,0.65
457,67665,1853.4,482.82,174,9082.0,1,0,0,384.425,7242.4,0.65
458,67845,1857.1,382.25,180,9025.0,1,0,0,380.067,7306.6,0.65
459,68010,1860.6,569.62,165,7762.0,1,0,0,394.846,7284.6,0.7
460,68163,1863.8,574.12,153,8212.0,1,0,0,405.552,7355.2,0.7
461,68331,1867.3,568.2,168,7620.0,1,0,0,405.356,7335.6,0.7
462,68580,1874.4,291.73,249,9973.0,1,0,0,391.635,7463.4,0.7
463,68706,1878.0,138.81,126,4681.0,0,0,1,384.935,7293.5,0.7
464,68874,1882.8,480.37,168,8837.0,1,0,0,380.399,7339.9,0.7
465,69030,1886.1,572.37,156,8037.0,1,0,0,400.918,7391.8,0.75
466,69189,1889.5,584.11,159,9211.0,1,0,0,401.906,7490.6,0.75
467,69327,1892.4,157.87,138,6587.0,0,0,1,386.666,7466.6,0.7
468,69480,1895.2,581.6,153,8960.0,1,0,0,392.707,7570.7,0.7
469,69657,1905.1,583.97,177,9197.0,1,0,0,424.936,7793.6,0.75
470,69795,1909.2,164.55,138,7255.0,0,0,1,430.694,7869.4,0.75
471,69933,1912.2,143.71,138,5171.0,0,0,1,409.33,7733.0,0.7
472,70047,1914.6,47.21,114,5521.0,0,0,1,388.448,7644.8,0.65
473,70206,1918.0,583.8,159,9180.0,1,0,0,410.384,7838.4,0.7
474,70323,1920.4,-53.44,117,5456.0,0,0,1,384.897,7789.6,0.65
475,70458,1923.3,260.53,135,6853.0,0,0,1,368.675,7667.4,0.6
476,70608,1926.3,586.53,150,9453.0,1,0,0,385.037,7803.6,0.65
477,70737,1930.1,143.93,129,5193.0,0,0,1,368.092,7609.2,0.6
478,70908,1933.0,580.73,171,8873.0,1,0,0,378.016,7601.6,0.6
479,71043,1935.3,149.95,135,5795.0,0,0,1,357.033,7503.2,0.55
480,71178,1938.0,139.25,135,4725.0,0,0,1,335.289,7328.9,0.5
481,71304,1940.3,139.72,126,4772.0,0,0,1,313.865,7186.5,0.45
482,71493,1943.5,576.79,189,8479.0,1,0,0,328.118,7111.8,0.45
483,71679,1948.8,601.57,186,10957.0,1,0,0,351.256,7425.6,0.5
484,71829,1955.6,584.84,150,9284.0,1,0,0,356.48,7447.9,0.5
485,71982,1958.2,587.5,153,9550.0,1,0,0,357.236,7523.6,0.5
486,72129,1961.3,593.91,147,10191.0,1,0,0,357.726,7572.6,0.5
487,72246,1963.7,146.15,117,5415.0,0,0,1,357.14,7514.0,0.5
488,72381,1966.5,567.07,135,7507.0,1,0,0,356.413,7441.4,0.5
489,72504,1969.1,144.88,123,5288.0,0,0,1,334.459,7245.9,0.45
490,72633,1971.7,37.8,129,4580.0,0,0,1,328.121,7112.1,0.45
491,72798,1977.0,573.3,165,8130.0,1,0,0,349.601,7260.1,0.5
492,72966,1981.7,596.45,168,10445.0,1,0,0,377.063,7506.3,0.55
493,73143,1986.4,482.97,177,9097.0,1,0,0,372.022,7502.1,0.55
494,73227,1988.2,-73.72,84,3428.0,0,0,1,371.007,7400.8,0.55
495,73368,1991.1,151.59,141,5959.0,0,0,1,365.56,7356.1,0.55
496,73500,1992.5,585.82,132,9382.0,1,0,0,365.525,7352.5,0.55
497,73632,1994.0,158.79,132,6679.0,0,0,1,366.268,7426.8,0.55
498,73797,1997.7,600.17,165,10817.0,1,0,0,367.24,7524.0,0.55
499,73935,1999.2,156.01,138,6401.0,0,0,1,367.543,7554.3,0.55
500,74079,2002.7,254.1,144,6210.0,0,0,1,373.286,7628.6,0.55
501,74208,2006.4,155.75,129,6375.0,0,0,1,374.087,7708.7,0.55
502,74334,2009.5,64.58,126,7258.0,0,0,1,348.477,7647.6,0.5
503,74520,2014.0,576.96,186,8496.0,1,0,0,347.246,7524.6,0.5
504,74676,2017.1,578.41,156,8641.0,1,0,0,346.924,7492.4,0.5
505,74829,2020.1,575.48,153,8348.0,1,0,0,346.323,7432.4,0.5
506,74961,2022.7,145.23,132,5323.0,0,0,1,323.889,7188.9,0.45
507,75096,2025.4,574.31,135,8231.0,1,0,0,345.297,7329.8,0.5
508,75252,2028.6,574.16,156,8216.0,1,0,0,345.652,7365.2,0.5
509,75408,2031.8,585.14,156,9314.0,1,0,0,367.665,7566.5,0.55
510,75576,2035.8,582.59,168,9059.0,1,0,0,394.905,7790.4,0.6
511,75705,2040.1,156.25,129,6425.0,0,0,1,374.052,7705.2,0.55
512,75861,2048.7,53.17,156,6117.0,0,0,1,346.888,7488.8,0.5
513,76002,2051.7,577.25,141,8525.0,1,0,0,351.602,7460.2,0.5
514,76152,2054.9,170.27,150,7827.0,0,0,1,363.802,7680.1,0.5
515,76314,2058.4,480.91,162,8891.0,1,0,0,380.268,7826.8,0.55
516,76500,2062.6,482.0,186,9000.0,1,0,0,375.077,7807.6,0.55
517,76611,2066.8,52.06,111,6006.0,0,0,1,369.74,7774.0,0.55
518,76776,2071.3,577.44,165,8544.0,1,0,0,368.603,7660.4,0.55
519,76929,2073.9,575.03,153,8303.0,1,0,0,389.554,7755.4,0.6
520,77061,2075.8,575.51,132,8351.0,1,0,0,405.625,7862.5,0.65
521,77187,2077.1,156.36,126,6436.0,0,0,1,405.656,7865.6,0.65
522,77322,2078.6,563.02,135,7102.0,1,0,0,430.578,7857.8,0.7
523,77463,2081.1,570.88,141,7888.0,1,0,0,430.273,7827.4,0.7
524,77640,2086.9,600.92,177,10892.0,1,0,0,431.399,7939.9,0.7
525,77805,2091.6,572.27,165,8027.0,1,0,0,431.239,7923.9,0.7
526,77925,2097.2,152.41,120,6041.0,0,0,1,431.598,7959.8,0.7
527,78078,2103.0,582.71,153,9071.0,1,0,0,432.017,8001.8,0.7
528,78195,2106.5,140.73,117,4873.0,0,0,1,410.346,7834.6,0.65
529,78312,2110.0,62.48,117,7048.0,0,0,1,384.213,7721.3,0.6
530,78471,2113.7,577.27,159,8527.0,1,0,0,383.947,7694.7,0.6
531,78627,2116.8,475.35,156,8335.0,1,0,0,399.902,7790.2,0.65
532,78804,2120.3,478.58,177,8658.0,1,0,0,421.173,7917.2,0.7
533,78930,2124.8,249.56,126,5756.0,0,0,1,404.788,7778.8,0.65
534,79089,2129.3,477.39,159,8539.0,1,0,0,420.144,7814.4,0.7
535,79218,2133.1,157.67,129,6567.0,0,0,1,403.982,7698.2,0.65
536,79365,2136.2,598.89,147,10689.0,1,0,0,409.827,7782.6,0.65
537,79491,2138.7,159.41,126,6741.0,0,0,1,415.194,7819.4,0.65
538,79602,2141.7,50.1,111,5810.0,0,0,1,388.827,7682.7,0.6
539,79773,2147.1,577.45,171,8545.0,1,0,0,388.948,7694.8,0.6
540,79917,2154.5,471.11,144,7911.0,1,0,0,383.728,7672.8,0.6
541,80049,2158.4,566.87,132,7487.0,1,0,0,404.253,7725.4,0.65
542,80205,2163.3,139.31,156,4731.0,0,0,1,383.068,7606.8,0.6
543,80352,2167.3,563.3,147,7130.0,1,0,0,382.689,7568.9,0.6
544,80505,2170.7,582.53,153,9053.0,1,0,0,381.769,7476.9,0.6
545,80619,2174.4,42.25,114,5025.0,0,0,1,355.269,7326.9,0.55
546,80772,2178.5,579.13,153,8713.0,1,0,0,376.605,7460.4,0.6
547,80922,2182.7,568.77,150,7677.0,1,0,0,375.907,7390.8,0.6
548,81057,2185.6,48.35,135,5635.0,0,0,1,371.288,7428.9,0.6
549,81228,2189.3,579.65,171,8765.0,1,0,0,397.147,7514.7,0.65
550,81342,2193.4,-51.82,114,5618.0,0,0,1,365.692,7369.2,0.6
551,81480,2197.2,157.49,138,6549.0,0,0,1,349.799,7279.9,0.55
552,81609,2200.8,256.94,129,6494.0,0,0,1,338.717,7171.8,0.5
553,81738,2203.6,32.56,129,4056.0,0,0,1,327.868,7086.8,0.5
554,81915,2207.8,480.42,177,8842.0,1,0,0,328.019,7101.9,0.5
555,82059,2216.3,584.33,144,9233.0,1,0,0,349.352,7235.2,0.55
556,82194,2219.1,563.41,135,7141.0,1,0,0,347.578,7057.8,0.55
557,82344,2223.2,142.97,150,5097.0,0,0,1,346.756,6975.6,0.55
558,82506,2228.1,576.62,162,8462.0,1,0,0,373.082,7108.2,0.6
559,82659,2232.1,565.72,153,7372.0,1,0,0,372.495,7049.6,0.6
560,82824,2237.0,585.33,165,9333.0,1,0,0,378.207,7120.6,0.6
561,82953,2240.7,156.48,129,6448.0,0,0,1,357.687,7068.7,0.55
562,83100,2244.7,569.34,147,7734.0,1,0,0,379.188,7218.9,0.6
563,83259,2249.1,571.38,159,7938.0,1,0,0,379.592,7259.2,0.6
564,83439,2254.5,493.87,180,10187.0,1,0,0,375.159,7315.9,0.6
565,83586,2258.2,572.8,147,8080.0,1,0,0,401.687,7468.7,0.65
566,83733,2262.1,47.88,147,5588.0,0,0,1,375.125,7312.4,0.6
567,83910,2267.5,593.46,177,10146.0,1,0,0,376.359,7435.9,0.6
568,84066,2275.2,590.07,156,9807.0,1,0,0,403.445,7644.5,0.65
569,84231,2280.3,585.36,165,9336.0,1,0,0,403.731,7673.1,0.65
570,84396,2285.2,485.23,165,9323.0,1,0,0,430.583,7858.3,0.7
571,84555,2288.8,573.14,159,8114.0,1,0,0,451.365,7936.6,0.75
572,84666,2292.7,145.75,111,5375.0,0,0,1,445.806,7880.6,0.75
573,84807,2296.6,467.78,141,7578.0,1,0,0,467.567,8056.7,0.8
574,84957,2300.8,572.3,150,8030.0,1,0,0,472.161,8016.1,0.8
575,85101,2304.2,161.47,144,6947.0,0,0,1,451.018,7901.8,0.75
576,85263,2309.2,580.54,162,8854.0,1,0,0,451.874,7987.4,0.75
577,85431,2312.5,486.62,168,9462.0,1,0,0,469.057,8205.7,0.8
578,85581,2315.0,575.39,150,8339.0,1,0,0,468.995,8199.5,0.8
579,85746,2316.8,584.56,165,9256.0,1,0,0,469.937,8293.8,0.8
580,85869,2318.9,145.59,123,5359.0,0,0,1,447.951,8095.1,0.75
581,85983,2322.3,151.42,114,5942.0,0,0,1,447.698,8069.8,0.75
582,86145,2330.3,482.12,162,9012.0,1,0,0,443.337,8133.6,0.75
583,86259,2332.6,141.35,114,4935.0,0,0,1,421.835,7983.5,0.7
584,86412,2337.3,582.74,153,9074.0,1,0,0,426.279,7927.9,0.7
585,86559,2341.5,574.29,147,8229.0,1,0,0,426.353,7935.3,0.7
586,86712,2345.5,567.83,153,7583.0,1,0,0,452.351,8035.1,0.75
587,86850,2348.2,590.28,138,9828.0,1,0,0,452.192,8019.1,0.75
588,87024,2354.0,491.15,174,9915.0,1,0,0,447.245,8024.6,0.75
589,87186,2358.7,584.59,162,9259.0,1,0,0,447.207,8020.7,0.75
590,87357,2362.5,583.27,171,9127.0,1,0,0,452.109,8010.9,0.75
591,87504,2365.6,563.69,147,7169.0,1,0,0,451.636,7963.6,0.75
592,87654,2370.5,570.61,150,7861.0,1,0,0,472.88,8087.9,0.8
593,87798,2374.6,560.96,144,6896.0,1,0,0,477.538,8053.9,0.8
594,87903,2376.9,133.14,105,4114.0,0,0,1,455.581,7858.1,0.75
595,88068,2385.8,479.13,165,8713.0,1,0,0,471.463,7946.4,0.8
596,88227,2390.5,578.08,159,8608.0,1,0,0,471.34,7934.1,0.8
597,88344,2393.8,156.87,117,6487.0,0,0,1,454.853,7785.3,0.75
598,88458,2396.3,56.28,114,6428.0,0,0,1,428.898,7689.8,0.7
599,88572,2398.7,152.27,114,6027.0,0,0,1,407.283,7528.3,0.65
600,88722,2404.2,170.91,150,7891.0,0,0,1,408.549,7654.9,0.65
601,88890,2409.2,585.15,168,9315.0,1,0,0,430.235,7823.6,0.7
602,89052,2413.8,484.25,162,9225.0,1,0,0,430.342,7834.2,0.7
603,89205,2417.1,584.48,153,9248.0,1,0,0,452.498,8049.9,0.75
604,89355,2420.8,557.77,150,6577.0,1,0,0,451.25,7925.0,0.75
605,89505,2425.9,472.51,150,8051.0,1,0,0,446.161,7916.1,0.75
606,89634,2429.8,148.15,129,5615.0,0,0,1,425.177,7817.7,0.7
607,89772,2433.8,156.61,138,6461.0,0,0,1,403.493,7649.4,0.65
608,89931,2437.2,570.25,159,7825.0,1,0,0,407.448,7544.9,0.65
609,90090,2441.9,573.2,159,8120.0,1,0,0,406.879,7487.9,0.65
610,90204,2449.2,31.8,114,3980.0,0,0,1,379.305,7230.6,0.6
611,90336,2452.1,562.11,132,7011.0,1,0,0,379.226,7222.6,0.6
612,90480,2455.2,571.6,144,7960.0,1,0,0,379.276,7227.6,0.6
613,90645,2460.7,571.33,165,7933.0,1,0,0,379.794,7279.4,0.6
614,90837,2466.0,396.45,192,10445.0,1,0,0,392.96,7596.0,0.65
615,91017,2469.8,579.95,180,8795.0,1,0,0,398.001,7600.1,0.65
616,91167,2475.0,564.88,150,7288.0,1,0,0,397.341,7534.1,0.65
617,91323,2479.0,582.31,156,9031.0,1,0,0,418.613,7661.3,0.7
618,91479,2481.3,578.49,156,8649.0,1,0,0,444.723,7772.4,0.75
619,91665,2483.4,610.92,186,11892.0,1,0,0,467.656,8065.6,0.8
620,91776,2484.6,144.94,111,5294.0,0,0,1,466.357,7935.8,0.8
621,91908,2486.5,144.22,132,5222.0,0,0,1,444.311,7731.1,0.75
622,92067,2490.5,480.99,159,8899.0,1,0,0,444.148,7714.8,0.75
623,92217,2499.8,483.5,150,9150.0,1,0,0,439.099,7709.9,0.75
624,92370,2503.0,576.36,153,8436.0,1,0,0,440.029,7802.9,0.75
625,92514,2505.8,563.83,144,7183.0,1,0,0,444.594,7759.4,0.75
626,92667,2511.1,459.7,153,6770.0,1,0,0,460.172,7817.2,0.8
627,92832,2516.1,581.73,165,8973.0,1,0,0,481.428,7942.8,0.85
628,92979,2519.9,570.01,147,7801.0,1,0,0,481.416,7941.6,0.85
629,93111,2522.5,253.27,132,6127.0,0,0,1,465.42,7841.9,0.8
630,93228,2525.2,144.73,117,5273.0,0,0,1,471.066,7906.6,0.8
631,93375,2530.6,581.11,147,8911.0,1,0,0,472.016,8001.6,0.8
632,93552,2535.8,371.99,177,7999.0,1,0,0,462.036,8003.6,0.8
633,93702,2540.1,460.46,150,6846.0,1,0,0,456.492,7949.2,0.8
634,93870,2543.5,170.7,168,7870.0,0,0,1,445.204,7820.4,0.75
635,94011,2547.4,567.4,141,7540.0,1,0,0,444.577,7757.7,0.75
636,94155,2552.1,259.94,144,6794.0,0,0,1,429.33,7733.0,0.7
637,94347,2561.3,622.36,192,13036.0,1,0,0,431.332,7933.2,0.7
638,94503,2564.8,588.84,156,9684.0,1,0,0,431.85,7985.0,0.7
639,94635,2569.1,558.82,132,6682.0,1,0,0,429.245,7724.5,0.7
640,94800,2573.8,472.7,165,8070.0,1,0,0,445.633,7863.3,0.75
641,94950,2577.1,566.91,150,7491.0,1,0,0,466.768,7976.8,0.8
642,95118,2582.4,575.7,168,8370.0,1,0,0,471.503,7950.3,0.8
643,95259,2586.4,558.96,141,6696.0,1,0,0,475.276,7827.6,0.8
644,95442,2590.9,385.66,183,9366.0,1,0,0,465.741,7874.1,0.8
645,95622,2596.5,583.59,180,9159.0,1,0,0,466.729,7972.9,0.8
646,95787,2601.2,586.37,165,9437.0,1,0,0,473.063,8106.2,0.8
647,95910,2604.1,154.31,123,6231.0,0,0,1,451.692,7969.1,0.75
648,96045,2607.0,569.6,135,7760.0,1,0,0,451.671,7967.1,0.75
649,96207,2612.4,574.33,162,8233.0,1,0,0,467.724,8072.4,0.8
650,96393,2620.3,586.08,186,9408.0,1,0,0,489.791,8279.1,0.85
651,96564,2623.4,470.09,171,7809.0,1,0,0,484.241,8224.0,0.85
652,96732,2628.9,480.81,168,8881.0,1,0,0,489.681,8268.1,0.85
653,96912,2634.1,599.38,180,10738.0,1,0,0,496.627,8462.8,0.85
654,97080,2638.5,475.57,168,8357.0,1,0,0,511.871,8487.1,0.9
655,97221,2641.5,568.77,141,7677.0,1,0,0,511.939,8494.0,0.9
656,97377,2646.4,575.22,156,8322.0,1,0,0,527.703,8570.4,0.95
657,97557,2651.7,482.7,180,9070.0,1,0,0,520.721,8372.0,0.95
658,97722,2656.5,477.37,165,8537.0,1,0,0,515.147,8314.7,0.95
659,97875,2660.0,589.13,153,9713.0,1,0,0,516.663,8466.2,0.95
660,98040,2663.6,171.51,165,7951.0,0,0,1,501.603,8460.3,0.9
661,98133,2665.6,35.61,93,4361.0,0,0,1,475.038,8303.8,0.85
662,98307,2672.6,480.52,174,8852.0,1,0,0,470.279,8327.9,0.85
663,98496,2676.7,594.93,189,10293.0,1,0,0,472.078,8507.8,0.85
664,98616,2679.3,145.03,120,5303.0,0,0,1,460.046,8304.6,0.8
665,98799,2681.8,607.35,183,11535.0,1,0,0,461.234,8423.4,0.8
666,98973,2683.8,583.92,174,9192.0,1,0,0,461.111,8411.1,0.8
667,99132,2685.5,477.52,159,8552.0,1,0,0,477.272,8527.2,0.85
668,99243,2686.8,28.92,111,3692.0,0,0,1,450.238,8323.8,0.8
669,99354,2688.1,149.22,111,5722.0,0,0,1,428.982,8198.2,0.75
670,99468,2690.2,51.31,114,5931.0,0,0,1,402.244,8024.4,0.7
671,99630,2693.4,570.51,162,7851.0,1,0,0,407.265,8026.5,0.7
672,99738,2695.6,40.68,108,4868.0,0,0,1,385.259,7825.9,0.65
673,99915,2699.1,585.01,177,9301.0,1,0,0,384.54,7754.0,0.65
674,100098,2702.8,489.98,183,9798.0,1,0,0,385.261,7826.1,0.65
675,100284,2706.6,597.96,186,10596.0,1,0,0,386.72,7972.0,0.65
676,100449,2713.2,71.16,165,7916.0,0,0,1,361.517,7951.7,0.6
677,100605,2716.4,70.31,156,7831.0,0,0,1,340.898,7889.8,0.55
678,100758,2719.6,576.45,153,8445.0,1,0,0,345.852,7885.1,0.55
679,100902,2722.6,581.64,144,8964.0,1,0,0,345.477,7847.7,0.55
680,101058,2725.9,572.08,156,8008.0,1,0,0,365.506,7850.6,0.6
681,101217,2728.8,474.64,159,8264.0,1,0,0,387.457,8045.7,0.65
682,101391,2730.7,477.06,174,8506.0,1,0,0,387.284,8028.4,0.65
683,101535,2732.4,566.86,144,7486.0,1,0,0,385.881,7888.1,0.65
684,101730,2734.6,494.75,195,10275.0,1,0,0,403.367,8136.6,0.7
685,101895,2736.7,473.19,165,8119.0,1,0,0,396.659,7965.9,0.7
686,102054,2739.3,575.04,159,8304.0,1,0,0,396.214,7921.4,0.7
687,102243,2742.5,381.83,189,8983.0,1,0,0,391.43,7943.0,0.7
688,102360,2744.4,150.24,117,5824.0,0,0,1,397.496,8049.6,0.7
689,102477,2749.0,148.23,117,5623.0,0,0,1,397.446,8044.6,0.7
690,102603,2751.1,150.92,126,5892.0,0,0,1,402.427,8042.7,0.7
691,102777,2754.0,595.4,174,10340.0,1,0,0,403.671,8167.1,0.7
692,102882,2756.0,37.7,105,4570.0,0,0,1,403.522,8152.2,0.7
693,103056,2759.5,476.06,174,8406.0,1,0,0,398.075,8107.5,0.7
694,103230,2762.9,599.49,174,10749.0,1,0,0,403.55,8155.1,0.7
695,103383,2766.0,582.88,153,9088.0,1,0,0,402.797,8079.6,0.7
696,103560,2769.5,486.13,177,9413.0,1,0,0,423.545,8154.5,0.75
697,103674,2771.7,54.05,114,6205.0,0,0,1,422.732,8073.2,0.75
698,103845,2775.1,586.0,171,9400.0,1,0,0,423.209,8120.9,0.75
699,104034,2778.9,482.93,189,9093.0,1,0,0,418.274,8127.4,0.75
700,104205,2782.2,477.53,171,8553.0,1,0,0,413.547,8154.6,0.75
701,104397,2786.1,639.7,192,14770.0,1,0,0,421.799,8480.0,0.75
702,104577,2792.8,486.31,180,9431.0,1,0,0,422.262,8526.2,0.75
703,104742,2796.0,577.29,165,8529.0,1,0,0,422.784,8578.4,0.75
704,104883,2798.8,568.38,141,7638.0,1,0,0,426.465,8446.5,0.75
705,105114,2803.5,502.3,231,11030.0,1,0,0,427.921,8592.0,0.75
706,105291,2807.1,595.22,177,10322.0,1,0,0,428.93,8693.0,0.75
707,105474,2810.8,585.02,183,9302.0,1,0,0,439.089,8708.9,0.75
708,105630,2813.9,565.36,156,7336.0,1,0,0,459.845,8784.5,0.8
709,105819,2817.8,491.13,189,9913.0,1,0,0,476.99,8999.0,0.85
710,106014,2821.5,492.75,195,10075.0,1,0,0,494.082,9208.1,0.9
711,106176,2824.8,477.28,162,8528.0,1,0,0,488.175,9117.5,0.9
712,106344,2828.3,588.43,168,9643.0,1,0,0,515.712,9371.2,0.95
713,106482,2831.1,566.12,138,7412.0,1,0,0,520.215,9321.5,0.95
714,106668,2838.1,500.85,186,10885.0,1,0,0,515.283,9328.3,0.95
715,106848,2841.7,597.09,180,10509.0,1,0,0,515.994,9399.4,0.95
716,107022,2845.3,574.17,174,8217.0,1,0,0,520.396,9339.5,0.95
717,107214,2849.1,490.67,192,9867.0,1,0,0,542.226,9522.6,1.0
718,107319,2851.2,26.24,105,3424.0,0,0,1,514.239,9223.9,0.95
719,107499,2855.0,606.2,180,11420.0,1,0,0,520.402,9340.2,0.95
720,107679,2858.9,497.4,180,10540.0,1,0,0,521.396,9439.5,0.95
721,107829,2862.2,575.32,150,8332.0,1,0,0,518.176,9117.6,0.95
722,107994,2865.7,484.29,165,9229.0,1,0,0,518.076,9107.5,0.95
723,108198,2870.1,490.93,204,9893.0,1,0,0,513.757,9175.8,0.95
724,108366,2873.6,489.61,168,9761.0,1,0,0,509.819,9281.9,0.95
725,108528,2877.2,592.27,162,10027.0,1,0,0,514.318,9231.8,0.95
726,108675,2883.6,478.46,147,8646.0,1,0,0,508.48,9148.0,0.95
727,108849,2887.4,588.74,174,9674.0,1,0,0,508.665,9166.5,0.95
728,109002,2890.8,458.28,153,6628.0,1,0,0,503.311,9131.1,0.95
729,109173,2894.5,586.81,171,9481.0,1,0,0,508.096,9109.5,0.95
730,109359,2898.6,483.68,186,9168.0,1,0,0,507.642,9064.2,0.95
731,109530,2902.3,582.43,171,9043.0,1,0,0,512.9,9090.0,0.95
732,109707,2906.2,585.26,177,9326.0,1,0,0,512.741,9074.1,0.95
733,109881,2910.0,586.08,174,9408.0,1,0,0,513.739,9173.9,0.95
734,110037,2913.4,576.73,156,8473.0,1,0,0,517.533,9053.3,0.95
735,110193,2916.8,585.89,156,9389.0,1,0,0,516.973,8997.3,0.95
736,110379,2920.9,478.84,186,8684.0,1,0,0,512.207,9020.6,0.95
737,110565,2924.9,478.58,186,8658.0,1,0,0,511.602,8960.2,0.95
738,110715,2931.6,576.12,150,8412.0,1,0,0,539.096,9209.6,1.0
739,110874,2935.1,575.42,159,8342.0,1,0,0,537.557,9055.7,1.0
740,111006,2937.9,568.72,132,7672.0,1,0,0,541.123,8912.3,1.0
741,111150,2941.1,571.14,144,7914.0,1,0,0,540.914,8891.4,1.0
742,111294,2944.2,568.04,144,7604.0,1,0,0,545.101,8810.1,1.0
743,111495,2948.5,297.5,201,10550.0,1,0,0,535.43,8843.0,1.0
744,111645,2951.8,571.9,150,7990.0,1,0,0,539.544,8754.5,1.0
745,111801,2955.2,580.14,156,8814.0,1,0,0,538.938,8693.8,1.0
746,111942,2958.4,575.25,141,8325.0,1,0,0,543.777,8677.8,1.0
747,112086,2961.5,567.76,144,7576.0,1,0,0,542.728,8572.9,1.0
748,112236,2964.8,569.31,150,7731.0,1,0,0,548.28,8628.0,1.0
749,112392,2968.2,472.2,156,8020.0,1,0,0,542.549,8555.0,1.0
750,112557,2970.9,583.14,165,9114.0,1,0,0,547.523,8552.2,1.0
751,112725,2974.8,584.45,168,9245.0,1,0,0,547.623,8562.4,1.0
752,112872,2976.4,472.78,147,8078.0,1,0,0,542.0,8500.0,1.0
753,113013,2978.1,577.04,141,8504.0,1,0,0,541.548,8454.8,1.0
754,113169,2980.9,577.14,156,8514.0,1,0,0,541.568,8456.8,1.0
755,113328,2984.1,581.68,159,8968.0,1,0,0,541.358,8435.8,1.0
756,113487,2987.5,588.26,159,9626.0,1,0,0,546.829,8482.9,1.0
757,113628,2990.5,566.42,141,7442.0,1,0,0,551.221,8422.0,1.0
758,113793,2994.1,576.77,165,8477.0,1,0,0,551.253,8425.3,1.0
759,113943,2997.1,569.04,150,7704.0,1,0,0,550.934,8393.4,1.0
760,114078,2998.6,564.09,135,7209.0,1,0,0,550.702,8370.2,1.0
761,114222,3000.3,574.04,144,8204.0,1,0,0,550.848,8384.8,1.0
762,114369,3002.0,577.45,147,8545.0,1,0,0,551.318,8431.8,1.0
763,114525,3003.7,573.63,156,8163.0,1,0,0,565.125,8312.5,1.0
764,114672,3005.4,567.41,147,7541.0,1,0,0,564.9,8290.0,1.0
765,114846,3010.2,589.84,174,9784.0,1,0,0,565.385,8338.5,1.0
766,114984,3012.5,565.26,138,7326.0,1,0,0,564.885,8288.5,1.0
767,115128,3014.9,563.22,144,7122.0,1,0,0,564.658,8265.9,1.0
768,115263,3017.4,560.52,135,6852.0,1,0,0,564.219,8221.9,1.0
769,115446,3021.1,584.82,183,9282.0,1,0,0,569.85,8285.0,1.0
770,115620,3024.6,576.57,174,8457.0,1,0,0,569.521,8252.1,1.0
771,115809,3028.5,594.11,189,10211.0,1,0,0,570.005,8300.5,1.0
772,115983,3032.0,485.97,174,9397.0,1,0,0,570.664,8366.4,1.0
773,116088,3034.1,46.35,105,5435.0,0,0,1,544.13,8213.0,0.95
774,116223,3036.8,572.14,135,8014.0,1,0,0,543.88,8187.9,0.95
775,116361,3039.6,559.66,138,6766.0,1,0,0,542.779,8077.9,0.95
776,116526,3043.0,472.3,165,8030.0,1,0,0,536.98,7998.1,0.95
777,116688,3046.3,473.95,162,8195.0,1,0,0,532.357,8035.7,0.95
778,116868,3053.2,584.31,180,9231.0,1,0,0,532.734,8073.4,0.95
779,117024,3056.5,563.62,156,7162.0,1,0,0,532.463,8046.3,0.95
780,117192,3060.0,577.23,168,8523.0,1,0,0,533.12,8112.0,0.95
781,117333,3063.1,553.65,141,6165.0,1,0,0,532.101,8010.1,0.95
782,117468,3066.0,559.4,135,6740.0,1,0,0,531.198,7919.8,0.95
783,117603,3068.9,565.4,135,7340.0,1,0,0,530.786,7878.6,0.95
784,117774,3072.6,475.63,171,8363.0,1,0,0,526.197,7919.8,0.95
785,117948,3076.4,582.78,174,9078.0,1,0,0,525.844,7884.4,0.95
786,118092,3079.5,468.22,144,7622.0,1,0,0,520.992,7899.2,0.95
787,118272,3083.4,583.99,180,9199.0,1,0,0,522.031,8003.1,0.95
788,118449,3087.3,581.52,177,8952.0,1,0,0,523.081,8108.1,0.95
789,118599,3090.6,568.26,150,7626.0,1,0,0,522.253,8025.3,0.95
790,118761,3094.1,570.77,162,7877.0,1,0,0,521.963,7996.3,0.95
791,118929,3101.1,578.93,168,8693.0,1,0,0,521.204,7920.4,0.95
792,119085,3104.5,577.13,156,8513.0,1,0,0,525.762,7876.2,0.95
793,119223,3107.5,-42.42,138,6558.0,0,0,1,521.324,7932.4,0.95
794,119376,3110.8,572.23,153,8023.0,1,0,0,521.328,7932.8,0.95
795,119556,3114.8,584.96,180,9296.0,1,0,0,522.593,8059.3,0.95
796,119727,3118.5,583.8,171,9180.0,1,0,0,528.168,8116.8,0.95
797,119877,3120.5,579.02,150,8702.0,1,0,0,533.422,8142.1,0.95
798,120021,3122.1,565.16,144,7316.0,1,0,0,532.464,8046.4,0.95
799,120171,3123.9,570.92,150,7892.0,1,0,0,532.829,8082.9,0.95
800,120318,3125.6,559.17,147,6717.0,1,0,0,531.926,7992.6,0.95
801,120492,3127.6,585.41,174,9341.0,1,0,0,533.514,8151.4,0.95
802,120648,3129.9,479.74,156,8774.0,1,0,0,529.531,8253.1,0.95
803,120783,3132.2,559.41,135,6741.0,1,0,0,529.231,8223.1,0.95
804,120942,3137.6,455.62,159,6362.0,1,0,0,528.231,8123.1,0.95
805,121140,3141.2,582.49,198,9049.0,1,0,0,528.216,8121.6,0.95
806,121302,3144.5,568.67,162,7667.0,1,0,0,533.239,8123.9,0.95
807,121440,3147.3,569.73,138,7773.0,1,0,0,532.526,8052.6,0.95
808,121605,3150.6,569.55,165,7755.0,1,0,0,531.928,7992.8,0.95
809,121746,3153.5,576.29,141,8429.0,1,0,0,532.329,8032.9,0.95
810,121884,3156.2,571.15,138,7915.0,1,0,0,532.348,8034.8,0.95
811,122055,3159.8,579.47,171,8747.0,1,0,0,532.375,8037.5,0.95
812,122214,3163.2,578.69,159,8669.0,1,0,0,532.453,8045.3,0.95
813,122364,3166.4,573.0,150,8100.0,1,0,0,563.224,8122.4,1.0
814,122547,3170.4,583.66,183,9166.0,1,0,0,563.795,8179.6,1.0
815,122697,3173.6,466.72,150,7472.0,1,0,0,557.883,8088.4,1.0
816,122838,3176.6,569.84,141,7784.0,1,0,0,557.185,8018.6,1.0
817,122991,3183.1,573.11,153,8111.0,1,0,0,556.89,7989.0,1.0
818,123102,3185.5,41.49,111,4949.0,0,0,1,530.707,7870.6,0.95
819,123267,3189.0,484.0,165,9200.0,1,0,0,526.361,7936.1,0.95
820,123432,3192.5,587.75,165,9575.0,1,0,0,527.789,8078.9,0.95
821,123588,3195.9,577.81,156,8581.0,1,0,0,527.409,8040.9,0.95
822,123744,3199.2,585.38,156,9338.0,1,0,0,532.691,8069.1,0.95
823,123909,3202.8,580.19,165,8819.0,1,0,0,533.73,8173.1,0.95
824,124059,3206.0,577.92,150,8592.0,1,0,0,539.846,8284.5,0.95
825,124164,3208.2,131.63,105,3963.0,0,0,1,517.303,8030.2,0.9
826,124353,3212.3,492.55,189,10055.0,1,0,0,513.496,8149.6,0.9
827,124488,3215.1,563.48,135,7148.0,1,0,0,513.184,8118.4,0.9
828,124632,3217.6,579.43,144,8743.0,1,0,0,513.678,8167.8,0.9
829,124785,3220.3,575.24,153,8324.0,1,0,0,513.625,8162.6,0.9
830,124932,3225.5,355.09,147,6309.0,1,0,0,502.823,8082.2,0.9
831,125091,3228.8,583.27,159,9127.0,1,0,0,503.012,8101.2,0.9
832,125280,3232.4,379.21,189,8721.0,1,0,0,493.038,8103.9,0.9
833,125436,3235.1,582.01,156,9001.0,1,0,0,493.489,8148.9,0.9
834,125625,3238.7,587.73,189,9573.0,1,0,0,493.692,8169.2,0.9
835,125793,3242.4,479.47,168,8747.0,1,0,0,494.33,8233.0,0.9
836,125931,3245.4,573.65,138,8165.0,1,0,0,494.52,8252.0,0.9
837,126078,3248.6,573.77,147,8177.0,1,0,0,494.553,8255.4,0.9
838,126252,3251.7,583.6,174,9160.0,1,0,0,521.659,8465.9,0.95
839,126393,3254.2,571.42,141,7942.0,1,0,0,526.03,8403.0,0.95
840,126540,3256.7,574.69,147,8269.0,1,0,0,525.377,8337.7,0.95
841,126699,3259.5,577.12,159,8512.0,1,0,0,525.343,8334.2,0.95
842,126849,3262.1,568.92,150,7692.0,1,0,0,524.52,8252.0,0.95
843,127014,3267.7,581.09,165,8909.0,1,0,0,524.565,8256.5,0.95
844,127185,3270.9,477.63,171,8563.0,1,0,0,519.55,8255.0,0.95
845,127326,3274.0,562.75,141,7075.0,1,0,0,541.106,8410.6,1.0
846,127476,3277.3,571.33,150,7933.0,1,0,0,545.045,8304.5,1.0
847,127632,3280.6,565.06,156,7306.0,1,0,0,545.124,8312.4,1.0
848,127773,3283.7,568.11,141,7611.0,1,0,0,544.558,8255.8,1.0
849,127923,3286.9,573.45,150,8145.0,1,0,0,544.469,8246.9,1.0
850,128061,3289.9,573.0,138,8100.0,1,0,0,555.364,8336.4,1.0
851,128235,3293.7,576.96,174,8496.0,1,0,0,555.049,8304.9,1.0
852,128424,3297.8,483.71,189,9171.0,1,0,0,560.274,8327.4,1.0
853,128580,3301.3,573.74,156,8174.0,1,0,0,559.86,8286.0,1.0
854,128742,3304.9,476.35,162,8435.0,1,0,0,554.291,8229.1,1.0
855,128883,3308.0,571.42,141,7942.0,1,0,0,558.888,8188.9,1.0
856,129027,3314.5,575.63,144,8363.0,1,0,0,558.987,8198.8,1.0
857,129180,3317.9,576.41,153,8441.0,1,0,0,559.12,8212.0,1.0
858,129327,3321.1,567.17,147,7517.0,1,0,0,558.298,8129.8,1.0
859,129495,3324.9,592.85,168,10085.0,1,0,0,559.37,8237.0,1.0
860,129630,3327.8,462.1,135,7010.0,1,0,0,553.74,8174.0,1.0
861,129768,3330.1,568.72,138,7672.0,1,0,0,553.32,8132.0,1.0
862,129909,3331.7,466.26,141,7426.0,1,0,0,548.187,8118.7,1.0
863,130050,3333.4,566.95,141,7495.0,1,0,0,547.48,8048.0,1.0
864,130194,3335.1,569.71,144,7771.0,1,0,0,552.084,8008.4,1.0
865,130344,3336.8,584.55,150,9255.0,1,0,0,553.174,8117.4,1.0
866,130476,3338.9,558.82,132,6682.0,1,0,0,552.549,8054.9,1.0
867,130674,3342.3,595.04,198,10304.0,1,0,0,554.048,8204.8,1.0
868,130824,3345.0,469.53,150,7753.0,1,0,0,549.119,8211.9,1.0
869,130968,3347.5,560.88,144,6888.0,1,0,0,548.49,8149.0,1.0
870,131100,3353.2,569.2,132,7720.0,1,0,0,548.3,8130.0,1.0
871,131253,3356.2,567.61,153,7561.0,1,0,0,547.833,8083.2,1.0
872,131391,3358.9,558.41,138,6641.0,1,0,0,551.567,7956.8,1.0
873,131562,3361.7,580.03,171,8803.0,1,0,0,551.882,7988.2,1.0
874,131727,3365.1,587.79,165,9579.0,1,0,0,557.454,8045.4,1.0
875,131883,3368.3,574.1,156,8210.0,1,0,0,557.588,8058.8,1.0
876,132042,3371.6,577.41,159,8541.0,1,0,0,557.677,8067.7,1.0
877,132189,3374.2,571.92,147,7992.0,1,0,0,557.452,8045.2,1.0
878,132342,3377.1,574.25,153,8225.0,1,0,0,557.807,8080.6,1.0
879,132498,3380.3,575.8,156,8380.0,1,0,0,556.954,7995.4,1.0
880,132648,3383.3,578.35,150,8635.0,1,0,0,562.766,8076.6,1.0
881,132792,3386.2,570.62,144,7862.0,1,0,0,562.861,8086.1,1.0
882,132930,3389.0,566.08,138,7408.0,1,0,0,567.853,8085.2,1.0
883,133074,3391.9,470.66,144,7866.0,1,0,0,563.038,8103.8,1.0
884,133233,3397.8,576.63,159,8463.0,1,0,0,563.384,8138.4,1.0
885,133371,3400.6,468.79,138,7679.0,1,0,0,557.596,8059.6,1.0
886,133515,3403.6,563.36,144,7136.0,1,0,0,557.823,8082.3,1.0
887,133647,3406.3,561.99,132,6999.0,1,0,0,556.17,7917.1,1.0
888,133818,3409.6,570.18,171,7818.0,1,0,0,561.203,7920.3,1.0
889,133962,3411.9,559.66,144,6766.0,1,0,0,561.142,7914.2,1.0
890,134097,3414.6,559.06,135,6706.0,1,0,0,560.635,7863.5,1.0
891,134244,3417.6,587.89,147,9589.0,1,0,0,561.649,7964.9,1.0
892,134391,3420.6,564.94,147,7294.0,1,0,0,561.975,7997.6,1.0
893,134544,3423.8,472.5,153,8050.0,1,0,0,556.599,7959.9,1.0
894,134679,3426.6,569.11,135,7711.0,1,0,0,555.665,7866.5,1.0
895,134814,3428.8,563.0,135,7100.0,1,0,0,555.11,7811.0,1.0
896,134964,3431.6,574.57,150,8257.0,1,0,0,554.968,7796.8,1.0
897,135102,3434.5,559.9,138,6790.0,1,0,0,554.367,7736.7,1.0
898,135255,3439.4,582.78,153,9078.0,1,0,0,554.793,7779.4,1.0
899,135396,3440.7,563.67,141,7167.0,1,0,0,554.187,7718.7,1.0
900,135543,3441.7,572.06,147,8006.0,1,0,0,553.873,7687.2,1.0
901,135693,3442.7,578.88,150,8688.0,1,0,0,554.285,7728.6,1.0
902,135837,3444.1,574.87,144,8287.0,1,0,0,554.725,7772.5,1.0
903,136068,3447.4,518.08,231,12608.0,1,0,0,557.096,8009.6,1.0
904,136209,3450.1,561.55,141,6955.0,1,0,0,556.342,7934.2,1.0
905,136338,3452.6,562.14,129,7014.0,1,0,0,561.009,7900.9,1.0
906,136485,3455.1,584.36,147,9236.0,1,0,0,562.059,8005.9,1.0
907,136629,3457.4,573.01,144,8101.0,1,0,0,562.611,8061.1,1.0
908,136818,3461.0,288.5,189,9650.0,1,0,0,548.526,8152.6,1.0
909,136959,3463.8,575.84,141,8384.0,1,0,0,549.336,8233.5,1.0
910,137106,3466.6,570.79,147,7879.0,1,0,0,549.922,8292.2,1.0
911,137247,3472.4,567.12,141,7512.0,1,0,0,548.884,8188.4,1.0
912,137364,3474.7,36.52,117,4452.0,0,0,1,522.463,8046.2,0.95
913,137502,3476.6,568.57,138,7657.0,1,0,0,527.266,8026.6,0.95
914,137640,3478.9,570.77,138,7877.0,1,0,0,527.349,8034.9,0.95
915,137775,3481.1,564.14,135,7214.0,1,0,0,527.406,8040.6,0.95
916,137922,3483.5,567.84,147,7584.0,1,0,0,527.069,8006.9,0.95
917,138075,3486.0,576.66,153,8466.0,1,0,0,527.907,8090.8,0.95
918,138222,3488.8,572.25,147,8025.0,1,0,0,527.381,8038.1,0.95
919,138378,3491.2,581.87,156,8987.0,1,0,0,528.291,8129.1,0.95
920,138519,3493.9,571.94,141,7994.0,1,0,0,528.285,8128.5,0.95
921,138684,3497.2,578.8,165,8680.0,1,0,0,528.281,8128.1,0.95
922,138816,3499.8,565.22,132,7322.0,1,0,0,527.799,8079.9,0.95
923,138969,3502.8,565.49,153,7349.0,1,0,0,530.169,7816.9,0.95
924,139113,3505.6,575.7,144,8370.0,1,0,0,530.876,7887.6,0.95
925,139266,3510.9,580.16,153,8816.0,1,0,0,531.777,7977.8,0.95
926,139392,3513.4,560.47,126,6847.0,1,0,0,530.583,7858.3,0.95
927,139545,3516.6,580.15,153,8815.0,1,0,0,530.94,7894.0,0.95
928,139680,3519.4,456.41,135,6441.0,1,0,0,539.335,7733.6,0.95
929,139815,3522.2,561.82,135,6982.0,1,0,0,538.634,7663.4,0.95
930,139953,3525.1,566.81,138,7481.0,1,0,0,538.435,7643.6,0.95
931,140079,3527.7,560.33,126,6833.0,1,0,0,538.096,7609.6,0.95
932,140259,3531.0,481.98,180,8998.0,1,0,0,560.369,7836.9,1.0
933,140412,3533.6,569.77,153,7777.0,1,0,0,560.429,7842.9,1.0
934,140550,3536.5,571.06,138,7906.0,1,0,0,560.443,7844.4,1.0
935,140697,3539.5,565.88,147,7388.0,1,0,0,560.53,7853.1,1.0
936,140823,3542.1,553.6,126,6160.0,1,0,0,559.818,7781.9,1.0
937,140979,3544.9,573.79,156,8179.0,1,0,0,559.675,7767.5,1.0
938,141129,3547.7,563.47,150,7147.0,1,0,0,559.236,7723.6,1.0
939,141267,3550.6,565.47,138,7347.0,1,0,0,558.416,7641.6,1.0
940,141411,3556.9,569.93,144,7793.0,1,0,0,558.315,7631.6,1.0
941,141567,3560.1,572.91,156,8091.0,1,0,0,558.021,7602.1,1.0
942,141714,3562.6,578.26,147,8626.0,1,0,0,558.673,7667.3,1.0
943,141879,3565.9,580.73,165,8873.0,1,0,0,559.435,7743.5,1.0
944,142008,3568.5,555.14,129,6314.0,1,0,0,558.407,7640.7,1.0
945,142173,3572.0,567.27,165,7527.0,1,0,0,557.763,7576.2,1.0
946,142326,3575.2,577.48,153,8548.0,1,0,0,558.613,7661.3,1.0
947,142464,3577.5,558.15,138,6615.0,1,0,0,557.513,7551.3,1.0
948,142608,3580.1,571.54,144,7954.0,1,0,0,563.269,7626.9,1.0
949,142734,3582.8,557.67,126,6567.0,1,0,0,563.062,7606.2,1.0
950,142878,3585.7,474.12,144,8212.0,1,0,0,558.428,7642.8,1.0
951,143010,3588.4,568.48,132,7648.0,1,0,0,558.835,7683.5,1.0
952,143154,3591.3,565.65,144,7365.0,1,0,0,563.019,7601.9,1.0
953,143292,3594.1,565.14,138,7314.0,1,0,0,562.787,7578.7,1.0
954,143445,3599.6,576.4,153,8440.0,1,0,0,563.054,7605.4,1.0
955,143607,3601.8,584.17,162,9217.0,1,0,0,563.968,7696.9,1.0
956,143733,3603.0,462.19,126,7019.0,1,0,0,559.398,7739.8,1.0
957,143880,3604.5,564.08,147,7208.0,1,0,0,558.913,7691.2,1.0
958,144027,3605.9,575.1,147,8310.0,1,0,0,559.494,7749.4,1.0
959,144168,3607.3,577.17,141,8517.0,1,0,0,560.079,7807.9,1.0
960,144339,3609.1,478.14,171,8614.0,1,0,0,555.489,7848.9,1.0
961,144477,3611.8,564.48,138,7248.0,1,0,0,555.068,7806.8,1.0
962,144624,3614.2,570.55,147,7855.0,1,0,0,554.683,7768.2,1.0
963,144762,3616.4,574.11,138,8211.0,1,0,0,554.351,7735.1,1.0
964,144876,3618.2,46.58,114,5458.0,0,0,1,528.923,7692.4,0.95
965,145011,3620.6,557.96,135,6596.0,1,0,0,528.458,7645.8,0.95
966,145170,3623.6,590.86,159,9886.0,1,0,0,529.127,7712.7,0.95
967,145320,3626.4,575.3,150,8330.0,1,0,0,529.984,7798.4,0.95
968,145497,3632.4,588.78,177,9678.0,1,0,0,530.846,7884.6,0.95
969,145635,3635.1,567.53,138,7553.0,1,0,0,531.34,7933.9,0.95
970,145785,3637.9,561.71,150,6971.0,1,0,0,535.719,7871.9,0.95
971,145971,3641.4,607.83,186,11583.0,1,0,0,537.687,8068.6,0.95
972,146109,3643.9,568.97,138,7697.0,1,0,0,537.852,8085.2,0.95
973,146244,3646.5,571.93,135,7993.0,1,0,0,538.192,8119.2,0.95
974,146388,3649.2,580.54,144,8854.0,1,0,0,538.399,8139.9,0.95
975,146541,3652.1,576.82,153,8482.0,1,0,0,538.031,8103.1,0.95
976,146682,3654.7,566.42,141,7442.0,1,0,0,543.243,8124.3,0.95
977,146820,3657.3,574.72,138,8272.0,1,0,0,543.775,8177.5,0.95
978,146949,3659.9,567.62,129,7562.0,1,0,0,543.401,8140.1,0.95
979,147084,3662.6,575.46,135,8346.0,1,0,0,543.316,8131.6,0.95
980,147222,3665.3,565.07,138,7307.0,1,0,0,547.662,8066.2,0.95
981,147357,3667.9,561.85,135,6985.0,1,0,0,547.53,8053.1,0.95
982,147510,3673.7,579.61,153,8761.0,1,0,0,547.984,8098.4,0.95
983,147642,3676.3,568.13,132,7613.0,1,0,0,547.684,8068.4,0.95
984,147783,3679.0,568.13,141,7613.0,1,0,0,573.762,8176.2,1.0
985,147906,3681.5,547.95,123,5595.0,1,0,0,573.261,8126.1,1.0
986,148068,3684.6,598.22,162,10622.0,1,0,0,573.629,8162.9,1.0
987,148209,3687.4,563.7,141,7170.0,1,0,0,573.049,8104.9,1.0
988,148338,3690.1,463.73,129,7173.0,1,0,0,566.797,7979.7,1.0
989,148479,3693.0,582.84,141,9084.0,1,0,0,567.562,8056.2,1.0
990,148617,3695.8,568.54,138,7654.0,1,0,0,567.904,8090.4,1.0
991,148755,3698.7,568.58,138,7658.0,1,0,0,565.942,7894.1,1.0
992,148914,3702.0,585.74,159,9374.0,1,0,0,566.78,7978.0,1.0
993,149055,3704.9,586.92,141,9492.0,1,0,0,567.53,8052.9,1.0
994,149196,3707.9,563.24,141,7124.0,1,0,0,566.665,7966.4,1.0
995,149385,3711.6,620.82,189,12882.0,1,0,0,568.864,8186.4,1.0
996,149544,3718.0,576.4,159,8440.0,1,0,0,569.363,8236.4,1.0
997,149682,3720.8,569.73,138,7773.0,1,0,0,569.114,8211.4,1.0
998,149823,3723.6,581.24,141,8924.0,1,0,0,569.795,8279.5,1.0
999,149994,3726.9,612.56,171,12056.0,1,0,0,571.65,8465.0,1.0
1000,150144,3729.9,591.89,150,9989.0,1,0,0,572.991,8599.1,1.0
1001,150300,3733.2,595.91,156,10391.0,1,0,0,574.694,8769.4,1.0
1002,150435,3736.0,575.11,135,8311.0,1,0,0,574.469,8746.9,1.0
1003,150573,3738.8,571.78,138,7978.0,1,0,0,574.652,8765.1,1.0
1004,150741,3742.2,610.93,168,11893.0,1,0,0,576.792,8979.1,1.0
1005,150876,3745.0,562.7,135,7070.0,1,0,0,577.529,9052.9,1.0
1006,151014,3747.8,462.71,138,7071.0,1,0,0,570.754,8875.4,1.0
1007,151158,3750.9,570.9,144,7890.0,1,0,0,571.114,8911.4,1.0
1008,151293,3753.8,568.75,135,7675.0,1,0,0,576.364,8936.5,1.0
1009,151452,3757.1,597.01,159,10501.0,1,0,0,577.073,9007.3,1.0
1010,151599,3763.3,568.15,147,7615.0,1,0,0,577.053,9005.4,1.0
1011,151755,3766.5,593.07,156,10107.0,1,0,0,578.278,9127.8,1.0
1012,151911,3768.6,594.36,156,10236.0,1,0,0,578.709,9170.9,1.0
1013,152085,3770.5,609.64,174,11764.0,1,0,0,579.845,9284.5,1.0
1014,152250,3772.4,608.48,165,11648.0,1,0,0,582.107,9510.7,1.0
1015,152391,3773.9,587.61,141,9561.0,1,0,0,580.447,9344.6,1.0
1016,152550,3775.7,566.87,159,7487.0,1,0,0,579.97,9297.0,1.0
1017,152685,3777.8,571.27,135,7927.0,1,0,0,580.047,9304.7,1.0
1018,152814,3779.9,560.59,129,6859.0,1,0,0,579.015,9201.5,1.0
1019,152949,3782.1,566.35,135,7435.0,1,0,0,576.704,8970.4,1.0
1020,153093,3784.4,577.67,144,8567.0,1,0,0,575.993,8899.3,1.0
1021,153222,3786.5,568.02,129,7602.0,1,0,0,574.599,8759.9,1.0
1022,153354,3788.7,576.26,132,8426.0,1,0,0,574.656,8765.6,1.0
1023,153489,3790.9,573.97,135,8197.0,1,0,0,574.765,8776.5,1.0
1024,153639,3796.5,595.31,150,10331.0,1,0,0,573.984,8698.5,1.0
1025,153771,3799.3,578.64,132,8664.0,1,0,0,574.781,8778.1,1.0
1026,153915,3802.3,585.43,144,9343.0,1,0,0,580.917,8891.8,1.0
1027,154065,3805.5,573.95,150,8195.0,1,0,0,581.07,8907.0,1.0
1028,154200,3808.4,575.24,135,8324.0,1,0,0,581.394,8939.5,1.0
1029,154359,3811.7,599.6,159,10760.0,1,0,0,581.524,8952.4,1.0
1030,154572,3816.2,664.83,213,17283.0,1,0,0,586.358,9435.8,1.0
1031,154782,3819.4,665.39,210,17339.0,1,0,0,589.974,9797.4,1.0
1032,154956,3821.3,612.71,174,12071.0,1,0,0,590.891,9889.1,1.0
1033,155100,3822.9,587.66,144,9566.0,1,0,0,589.792,9779.2,1.0
1034,155274,3824.8,605.29,174,11329.0,1,0,0,589.633,9763.3,1.0
1035,155406,3826.2,573.62,132,8162.0,1,0,0,588.933,9693.4,1.0
1036,155538,3828.6,567.06,132,7506.0,1,0,0,588.943,9694.3,1.0
1037,155694,3834.8,470.54,156,7854.0,1,0,0,583.907,9690.6,1.0
1038,155832,3837.5,559.14,138,6714.0,1,0,0,583.834,9683.4,1.0
1039,155970,3840.2,565.35,138,7335.0,1,0,0,583.784,9678.4,1.0
1040,156093,3842.7,561.27,123,6927.0,1,0,0,582.964,9596.4,1.0
1041,156216,3845.1,550.87,123,5887.0,1,0,0,582.107,9510.6,1.0
1042,156336,3847.5,563.2,120,7120.0,1,0,0,581.454,9445.4,1.0
1043,156453,3849.7,556.94,117,6494.0,1,0,0,580.602,9360.2,1.0
1044,156588,3852.4,573.96,135,8196.0,1,0,0,579.535,9253.5,1.0
1045,156729,3855.4,563.12,141,7112.0,1,0,0,578.759,9175.9,1.0
1046,156867,3858.2,567.4,138,7540.0,1,0,0,577.857,9085.7,1.0
1047,156978,3860.6,143.88,111,5188.0,0,0,1,556.353,8935.4,0.95
1048,157101,3863.1,555.84,123,6384.0,1,0,0,555.384,8838.4,0.95
1049,157230,3865.9,566.06,129,7406.0,1,0,0,553.707,8670.6,0.95
1050,157356,3868.5,569.82,126,7782.0,1,0,0,548.956,8195.6,0.95
1051,157488,3871.3,565.26,132,7326.0,1,0,0,543.949,7694.9,0.95
1052,157629,3874.1,563.47,141,7147.0,1,0,0,541.487,7448.8,0.95
1053,157752,3880.0,557.41,123,6541.0,1,0,0,539.975,7297.5,0.95
1054,157893,3883.0,558.63,141,6663.0,1,0,0,537.642,7064.2,0.95
1055,158013,3885.5,557.75,120,6575.0,1,0,0,536.848,6984.9,0.95
1056,158133,3888.1,569.62,120,7762.0,1,0,0,536.976,6997.6,0.95
1057,158265,3890.9,569.64,132,7764.0,1,0,0,541.931,6993.1,0.95
1058,158388,3893.5,563.55,123,7155.0,1,0,0,542.152,7015.2,0.95
1059,158511,3896.1,566.89,123,7489.0,1,0,0,542.229,7022.9,0.95
1060,158631,3898.6,558.37,120,6637.0,1,0,0,542.084,7008.4,0.95
1061,158754,3901.2,570.19,123,7819.0,1,0,0,543.05,7105.0,0.95
1062,158913,3904.6,564.8,159,7280.0,1,0,0,543.13,7113.0,0.95
1063,159042,3907.4,553.65,129,6165.0,1,0,0,542.966,7096.6,0.95
1064,159162,3909.4,552.0,120,6000.0,1,0,0,541.867,6986.8,0.95
1065,159297,3910.9,559.65,135,6765.0,1,0,0,541.694,6969.4,0.95
1066,159432,3912.4,559.53,135,6753.0,1,0,0,541.301,6930.1,0.95
1067,159546,3913.7,557.34,114,6534.0,1,0,0,561.974,6997.4,1.0
1068,159678,3915.1,565.33,132,7333.0,1,0,0,562.448,7044.8,1.0
1069,159804,3919.6,557.19,126,6519.0,1,0,0,562.005,7000.4,1.0
1070,159939,3922.2,560.64,135,6864.0,1,0,0,561.545,6954.6,1.0
1071,160071,3924.8,563.18,132,7118.0,1,0,0,561.442,6944.1,1.0
1072,160206,3927.4,559.54,135,6754.0,1,0,0,561.245,6924.5,1.0
1073,160329,3929.7,553.79,123,6179.0,1,0,0,561.064,6906.4,1.0
1074,160452,3931.8,564.06,123,7206.0,1,0,0,561.336,6933.6,1.0
1075,160596,3934.4,462.99,144,7099.0,1,0,0,556.598,6959.8,1.0
1076,160713,3936.5,563.55,117,7155.0,1,0,0,556.294,6929.4,1.0
1077,160851,3939.2,575.55,138,8355.0,1,0,0,556.589,6958.9,1.0
1078,160968,3941.5,551.56,117,5956.0,1,0,0,555.99,6899.0,1.0
1079,161106,3944.2,574.91,138,8291.0,1,0,0,556.391,6939.1,1.0
1080,161241,3946.9,567.76,135,7576.0,1,0,0,556.861,6986.1,1.0
1081,161388,3949.8,568.81,147,7681.0,1,0,0,556.792,6979.1,1.0
1082,161520,3952.5,558.34,132,6634.0,1,0,0,556.468,6946.9,1.0
1083,161646,3955.0,562.37,126,7037.0,1,0,0,556.904,6990.4,1.0
1084,161793,3961.1,557.53,147,6553.0,1,0,0,557.181,7018.1,1.0
1085,161922,3963.7,574.58,129,8258.0,1,0,0,557.928,7092.8,1.0
1086,162069,3966.6,566.08,147,7408.0,1,0,0,558.255,7125.5,1.0
1087,162213,3969.5,562.06,144,7006.0,1,0,0,558.491,7149.1,1.0
1088,162330,3971.9,552.73,117,6073.0,1,0,0,557.861,7086.1,1.0
1089,162456,3974.4,558.56,126,6656.0,1,0,0,557.929,7092.9,1.0
1090,162594,3977.2,567.01,138,7501.0,1,0,0,558.248,7124.8,1.0
1091,162723,3979.8,468.86,129,7686.0,1,0,0,553.532,7153.2,1.0
1092,162882,3983.0,565.85,159,7385.0,1,0,0,553.848,7184.8,1.0
1093,163029,3986.0,562.19,147,7019.0,1,0,0,554.268,7226.8,1.0
1094,163185,3989.2,571.78,156,7978.0,1,0,0,554.654,7265.4,1.0
1095,163326,3992.0,560.96,141,6896.0,1,0,0,559.552,7255.2,1.0
1096,163458,3994.7,558.1,132,6610.0,1,0,0,559.28,7227.9,1.0
1097,163629,3998.1,583.31,171,9131.0,1,0,0,559.667,7266.8,1.0
1098,163770,4001.1,564.37,141,7237.0,1,0,0,560.308,7330.8,1.0
1099,163911,4007.4,575.61,141,8361.0,1,0,0,560.343,7334.3,1.0
1100,164040,4010.1,553.98,129,6198.0,1,0,0,559.654,7265.4,1.0
1101,164175,4013.0,563.83,135,7183.0,1,0,0,559.405,7240.5,1.0
1102,164310,4015.9,566.62,135,7462.0,1,0,0,559.819,7281.9,1.0
1103,164442,4018.7,570.36,132,7836.0,1,0,0,560.219,7321.9,1.0
1104,164565,4021.4,552.47,123,6047.0,1,0,0,559.966,7296.6,1.0
1105,164694,4024.2,562.54,129,7054.0,1,0,0,559.364,7236.4,1.0
1106,164817,4025.7,559.34,123,6734.0,1,0,0,559.026,7202.6,1.0
1107,164949,4027.1,554.55,132,6255.0,1,0,0,558.651,7165.1,1.0
1108,165087,4028.7,562.4,138,7040.0,1,0,0,559.135,7213.4,1.0
1109,165207,4030.0,557.13,120,6513.0,1,0,0,559.063,7206.3,1.0
1110,165342,4031.5,562.34,135,7034.0,1,0,0,558.83,7182.9,1.0
1111,165465,4033.6,554.18,123,6218.0,1,0,0,563.096,7109.6,1.0
1112,165603,4036.3,567.46,138,7546.0,1,0,0,563.176,7117.6,1.0
1113,165723,4038.6,553.02,120,6102.0,1,0,0,562.718,7071.8,1.0
1114,165855,4041.3,554.7,132,6270.0,1,0,0,561.864,6986.4,1.0
1115,165981,4046.9,571.61,126,7961.0,1,0,0,562.396,7039.6,1.0
1116,166107,4049.4,570.92,126,7892.0,1,0,0,563.037,7103.7,1.0
1117,166248,4052.3,568.48,141,7648.0,1,0,0,562.296,7029.6,1.0
1118,166389,4055.1,562.34,141,7034.0,1,0,0,562.194,7019.4,1.0
1119,166539,4058.2,552.57,150,6057.0,1,0,0,561.042,6904.2,1.0
1120,166662,4060.7,559.02,123,6702.0,1,0,0,561.294,6929.4,1.0
1121,166797,4063.5,563.89,135,7189.0,1,0,0,561.297,6929.7,1.0
1122,166941,4066.4,562.62,144,7062.0,1,0,0,561.097,6909.7,1.0
1123,167070,4069.1,557.08,129,6508.0,1,0,0,560.433,6843.3,1.0
1124,167196,4071.6,562.57,126,7057.0,1,0,0,560.938,6893.8,1.0
1125,167325,4074.3,566.13,129,7413.0,1,0,0,561.118,6911.8,1.0
1126,167448,4076.8,571.76,123,7976.0,1,0,0,561.738,6973.9,1.0
1127,167592,4079.8,556.45,144,6445.0,1,0,0,561.833,6983.4,1.0
1128,167724,4082.7,560.83,132,6883.0,1,0,0,561.755,6975.5,1.0
1129,167865,4085.6,566.48,141,7448.0,1,0,0,562.223,7022.2,1.0
1130,167988,4091.6,558.03,123,6603.0,1,0,0,562.007,7000.7,1.0
1131,168111,4094.2,560.59,123,6859.0,1,0,0,562.327,7032.8,1.0
1132,168237,4096.9,561.39,126,6939.0,1,0,0,562.024,7002.4,1.0
1133,168372,4099.7,557.3,135,6530.0,1,0,0,562.238,7023.8,1.0
1134,168498,4102.4,566.17,126,7417.0,1,0,0,562.811,7081.1,1.0
1135,168645,4105.5,563.67,147,7167.0,1,0,0,562.414,7041.4,1.0
1136,168774,4108.3,563.35,129,7135.0,1,0,0,562.036,7003.6,1.0
1137,168918,4111.3,563.75,144,7175.0,1,0,0,561.799,6979.9,1.0
1138,169065,4114.4,566.57,147,7457.0,1,0,0,562.011,7001.1,1.0
1139,169197,4116.8,559.64,132,6764.0,1,0,0,562.364,7036.4,1.0
1140,169341,4119.9,566.17,144,7417.0,1,0,0,562.722,7072.2,1.0
1141,169479,4122.9,571.2,138,7920.0,1,0,0,563.087,7108.8,1.0
1142,169644,4126.2,574.49,165,8249.0,1,0,0,563.681,7168.1,1.0
1143,169776,4129.0,554.33,132,6233.0,1,0,0,563.543,7154.4,1.0
1144,169914,4131.9,556.28,138,6428.0,1,0,0,563.229,7122.9,1.0
1145,170061,4138.4,580.37,147,8837.0,1,0,0,563.941,7194.1,1.0
1146,170175,4140.8,570.27,114,7827.0,1,0,0,563.867,7186.6,1.0
1147,170307,4143.6,555.53,132,6353.0,1,0,0,563.821,7182.1,1.0
1148,170433,4145.0,563.43,126,7143.0,1,0,0,563.951,7195.1,1.0
1149,170565,4146.5,564.31,132,7231.0,1,0,0,563.842,7184.2,1.0
1150,170706,4148.1,565.03,141,7303.0,1,0,0,564.192,7219.2,1.0
1151,170838,4149.5,558.55,132,6655.0,1,0,0,564.09,7209.0,1.0
1152,170958,4150.9,554.75,120,6275.0,1,0,0,563.758,7175.8,1.0
1153,171081,4152.8,566.42,123,7442.0,1,0,0,564.214,7221.4,1.0
1154,171213,4154.9,562.53,132,7053.0,1,0,0,564.032,7203.2,1.0
1155,171339,4157.0,563.37,126,7137.0,1,0,0,564.017,7201.7,1.0
1156,171477,4159.6,561.0,138,6900.0,1,0,0,563.899,7189.9,1.0
1157,171609,4162.2,573.37,132,8137.0,1,0,0,564.381,7238.1,1.0
1158,171756,4165.1,563.18,147,7118.0,1,0,0,564.211,7221.1,1.0
1159,171873,4167.4,561.78,117,6978.0,1,0,0,564.318,7231.8,1.0
1160,171999,4170.0,575.51,126,8351.0,1,0,0,564.785,7278.5,1.0
1161,172119,4175.5,555.59,120,6359.0,1,0,0,564.005,7200.4,1.0
1162,172248,4178.1,565.54,129,7354.0,1,0,0,563.557,7155.7,1.0
1163,172374,4180.6,558.55,126,6655.0,1,0,0,563.768,7176.8,1.0
1164,172491,4182.9,555.6,117,6360.0,1,0,0,563.734,7173.4,1.0
1165,172629,4185.7,558.07,138,6607.0,1,0,0,562.619,7061.9,1.0
1166,172767,4188.4,563.56,138,7156.0,1,0,0,562.283,7028.4,1.0
1167,172917,4191.3,567.09,150,7509.0,1,0,0,562.861,7086.1,1.0
1168,173040,4193.8,556.05,123,6405.0,1,0,0,562.492,7049.2,1.0
1169,173166,4196.3,571.64,126,7964.0,1,0,0,562.859,7085.9,1.0
1170,173292,4198.7,568.91,126,7691.0,1,0,0,563.053,7105.3,1.0
1171,173424,4201.4,560.83,132,6883.0,1,0,0,563.167,7116.7,1.0
1172,173553,4203.9,569.42,129,7742.0,1,0,0,563.9,7190.1,1.0
1173,173685,4206.6,558.48,132,6648.0,1,0,0,563.504,7150.4,1.0
1174,173808,4209.0,563.24,123,7124.0,1,0,0,563.539,7153.9,1.0
1175,173943,4211.7,459.29,135,6729.0,1,0,0,558.335,7133.5,1.0
1176,174063,4214.1,562.73,120,7073.0,1,0,0,558.421,7142.1,1.0
1177,174198,4219.9,566.0,135,7400.0,1,0,0,558.053,7105.3,1.0
1178,174336,4222.5,569.45,138,7745.0,1,0,0,558.367,7136.6,1.0
1179,174486,4225.5,571.59,150,7959.0,1,0,0,558.857,7185.7,1.0
1180,174615,4228.1,565.51,129,7351.0,1,0,0,558.357,7135.7,1.0
1181,174747,4230.8,563.41,132,7141.0,1,0,0,558.748,7174.8,1.0
1182,174888,4233.7,579.34,141,8734.0,1,0,0,559.438,7243.8,1.0
1183,175017,4236.4,566.1,129,7410.0,1,0,0,559.816,7281.6,1.0
1184,175140,4239.0,566.85,123,7485.0,1,0,0,560.378,7337.8,1.0
1185,175278,4241.9,570.67,138,7867.0,1,0,0,561.008,7400.8,1.0
1186,175407,4244.7,562.75,129,7075.0,1,0,0,560.967,7396.8,1.0
1187,175536,4247.2,573.72,129,8172.0,1,0,0,561.299,7429.9,1.0
1188,175659,4249.9,567.44,123,7544.0,1,0,0,561.869,7486.9,1.0
1189,175788,4252.7,551.69,129,5969.0,1,0,0,560.871,7387.1,1.0
1190,175917,4255.5,563.91,129,7191.0,1,0,0,560.621,7362.1,1.0
1191,176058,4258.5,565.56,141,7356.0,1,0,0,560.857,7385.8,1.0
1192,176199,4263.2,576.31,141,8431.0,1,0,0,561.202,7420.2,1.0
1193,176331,4264.8,569.35,132,7735.0,1,0,0,561.745,7474.6,1.0
1194,176472,4266.4,570.86,141,7886.0,1,0,0,562.127,7512.6,1.0
1195,176613,4268.0,563.15,141,7115.0,1,0,0,567.32,7531.9,1.0
1196,176772,4270.2,575.26,159,8326.0,1,0,0,567.946,7594.6,1.0
1197,176913,4273.0,573.98,141,8198.0,1,0,0,568.345,7634.5,1.0
1198,177045,4275.7,569.74,132,7774.0,1,0,0,568.36,7635.9,1.0
1199,177186,4278.5,579.34,141,8734.0,1,0,0,568.747,7674.7,1.0
1200,177318,4281.2,564.04,132,7204.0,1,0,0,568.673,7667.4,1.0
1201,177435,4283.6,52.83,117,6083.0,0,0,1,543.145,7614.4,0.95
1202,177579,4286.7,581.03,144,8903.0,1,0,0,543.229,7622.9,0.95
1203,177699,4289.3,558.85,120,6685.0,1,0,0,542.866,7586.6,0.95
1204,177819,4291.0,566.33,120,7433.0,1,0,0,542.841,7584.1,0.95
1205,177960,4292.6,566.76,141,7476.0,1,0,0,542.645,7564.5,0.95
1206,178095,4294.2,569.74,135,7774.0,1,0,0,542.995,7599.4,0.95
1207,178245,4297.9,559.86,150,6786.0,1,0,0,542.302,7530.1,0.95
1208,178392,4300.9,559.41,147,6741.0,1,0,0,541.9,7490.0,0.95
1209,178530,4303.6,569.56,138,7756.0,1,0,0,542.793,7579.4,0.95
1210,178659,4306.2,560.57,129,6857.0,1,0,0,542.627,7562.6,0.95
1211,178812,4309.1,582.39,153,9039.0,1,0,0,543.468,7646.8,0.95
1212,178971,4312.5,591.84,159,9984.0,1,0,0,544.244,7724.4,0.95
1213,179112,4315.3,576.64,141,8464.0,1,0,0,544.609,7760.9,0.95
1214,179259,4318.2,578.67,147,8667.0,1,0,0,545.0,7799.9,0.95
1215,179382,4319.6,568.12,123,7612.0,1,0,0,545.248,7824.8,0.95
1216,179508,4321.0,569.73,126,7773.0,1,0,0,544.971,7797.1,0.95
1217,179625,4322.3,565.96,117,7396.0,1,0,0,544.571,7757.1,0.95
1218,179772,4324.0,573.93,147,8193.0,1,0,0,544.78,7778.0,0.95
1219,179907,4325.5,565.83,135,7383.0,1,0,0,544.104,7710.4,0.95
1220,180027,4327.8,559.68,120,6768.0,1,0,0,543.887,7688.6,0.95
1221,180147,4330.1,557.35,120,6535.0,1,0,0,569.112,7711.2,1.0
1222,180270,4335.8,570.17,123,7817.0,1,0,0,568.569,7656.9,1.0
1223,180411,4338.8,576.75,141,8475.0,1,0,0,569.465,7746.4,1.0
1224,180564,4340.9,584.48,153,9248.0,1,0,0,570.372,7837.2,1.0
1225,180702,4342.4,581.99,138,8999.0,1,0,0,571.133,7913.4,1.0
1226,180843,4344.1,567.17,141,7517.0,1,0,0,571.005,7900.5,1.0
1227,180969,4345.5,565.84,126,7384.0,1,0,0,571.304,7930.4,1.0
1228,181095,4346.9,566.39,126,7439.0,1,0,0,571.653,7965.3,1.0
1229,181251,4349.5,579.21,156,8721.0,1,0,0,572.135,8013.6,1.0
1230,181395,4352.4,575.46,144,8346.0,1,0,0,572.88,8088.0,1.0
1231,181527,4355.1,566.21,132,7421.0,1,0,0,572.071,8007.1,1.0
1232,181674,4358.1,565.89,147,7389.0,1,0,0,570.773,7877.4,1.0
1233,181794,4360.5,572.76,120,8076.0,1,0,0,570.579,7857.9,1.0
1234,181920,4363.1,571.82,126,7982.0,1,0,0,570.237,7823.7,1.0
1235,182049,4365.7,560.94,129,6894.0,1,0,0,569.878,7787.8,1.0
1236,182181,4368.4,583.7,132,9170.0,1,0,0,570.577,7857.6,1.0
1237,182313,4373.9,567.07,132,7507.0,1,0,0,570.632,7863.2,1.0
1238,182448,4376.3,570.9,135,7890.0,1,0,0,570.481,7848.1,1.0
1239,182598,4378.9,573.68,150,8168.0,1,0,0,570.873,7887.3,1.0
1240,182730,4381.2,573.94,132,8194.0,1,0,0,571.586,7958.6,1.0
1241,182880,4383.8,574.24,150,8224.0,1,0,0,572.431,8043.1,1.0
1242,183009,4386.1,560.73,129,6873.0,1,0,0,571.958,7995.9,1.0
1243,183132,4388.2,562.32,123,7032.0,1,0,0,571.237,7923.7,1.0
1244,183258,4390.4,566.73,126,7473.0,1,0,0,570.35,7834.9,1.0
1245,183390,4392.7,571.02,132,7902.0,1,0,0,569.801,7780.1,1.0
1246,183519,4395.0,564.78,129,7278.0,1,0,0,569.682,7768.1,1.0
1247,183648,4397.3,566.14,129,7414.0,1,0,0,569.697,7769.6,1.0
1248,183780,4399.6,577.9,132,8590.0,1,0,0,570.272,7827.2,1.0
1249,183912,4401.1,578.66,132,8666.0,1,0,0,570.245,7824.4,1.0
1250,184044,4402.6,560.79,132,6879.0,1,0,0,569.511,7751.1,1.0
1251,184179,4404.1,567.59,135,7559.0,1,0,0,569.58,7758.0,1.0
1252,184311,4405.6,565.45,132,7345.0,1,0,0,569.558,7755.8,1.0
1253,184437,4409.5,563.22,126,7122.0,1,0,0,569.081,7708.1,1.0
1254,184557,4411.5,562.07,120,7007.0,1,0,0,568.594,7659.4,1.0
1255,184704,4414.0,593.76,147,10176.0,1,0,0,570.235,7823.4,1.0
1256,184830,4416.1,569.17,126,7717.0,1,0,0,569.508,7750.8,1.0
1257,184959,4418.4,581.62,129,8962.0,1,0,0,570.236,7823.6,1.0
1258,185094,4420.8,581.56,135,8956.0,1,0,0,570.769,7876.9,1.0
1259,185232,4423.2,587.3,138,9530.0,1,0,0,571.449,7944.9,1.0
1260,185364,4425.9,574.69,132,8269.0,1,0,0,571.487,7948.7,1.0
1261,185490,4428.6,558.89,126,6689.0,1,0,0,570.719,7871.9,1.0
1262,185619,4431.3,572.45,129,8045.0,1,0,0,571.306,7930.6,1.0
1263,185751,4434.2,562.71,132,7071.0,1,0,0,571.325,7932.5,1.0
1264,185871,4436.6,573.94,120,8194.0,1,0,0,571.686,7968.6,1.0
1265,185991,4437.9,560.06,120,6806.0,1,0,0,571.138,7913.8,1.0
1266,186129,4439.5,564.55,138,7255.0,1,0,0,571.126,7912.6,1.0
1267,186267,4441.1,573.95,138,8195.0,1,0,0,571.516,7951.6,1.0
1268,186429,4445.3,613.5,162,12150.0,1,0,0,573.296,8129.6,1.0
1269,186573,4448.2,578.37,144,8637.0,1,0,0,573.282,8128.2,1.0
1270,186702,4450.8,577.65,129,8565.0,1,0,0,574.125,8212.5,1.0
1271,186834,4453.5,566.6,132,7460.0,1,0,0,574.076,8207.5,1.0
1272,186987,4456.8,576.27,153,8427.0,1,0,0,574.616,8261.6,1.0
1273,187116,4459.5,561.67,129,6967.0,1,0,0,574.539,8253.9,1.0
1274,187281,4463.2,615.43,165,12343.0,1,0,0,577.207,8520.7,1.0
1275,187413,4466.0,570.58,132,7858.0,1,0,0,576.048,8404.8,1.0
1276,187560,4469.2,594.79,147,10279.0,1,0,0,577.329,8532.9,1.0
1277,187689,4472.0,566.78,129,7478.0,1,0,0,576.587,8458.7,1.0
1278,187830,4475.0,565.72,141,7372.0,1,0,0,575.795,8379.5,1.0
1279,187962,4477.9,579.01,132,8701.0,1,0,0,575.381,8338.0,1.0
1280,188100,4480.9,566.38,138,7438.0,1,0,0,574.965,8296.5,1.0
1281,188250,4484.1,587.22,150,9522.0,1,0,0,576.381,8438.1,1.0
1282,188379,4486.9,585.21,129,9321.0,1,0,0,577.019,8502.0,1.0
1283,188508,4493.0,568.44,129,7644.0,1,0,0,577.306,8530.6,1.0
1284,188640,4495.9,583.68,132,9168.0,1,0,0,577.793,8579.3,1.0
1285,188763,4498.5,571.64,123,7964.0,1,0,0,578.372,8637.2,1.0
1286,188898,4501.0,577.3,135,8530.0,1,0,0,579.01,8701.0,1.0
1287,189021,4503.2,468.23,123,7623.0,1,0,0,573.723,8672.4,1.0
1288,189162,4505.6,570.58,141,7858.0,1,0,0,571.577,8457.8,1.0
1289,189306,4508.2,567.94,144,7594.0,1,0,0,571.056,8405.6,1.0
1290,189438,4510.5,561.18,132,6918.0,1,0,0,570.233,8323.2,1.0
1291,189576,4512.9,567.48,138,7548.0,1,0,0,570.276,8327.6,1.0
1292,189699,4515.4,563.17,123,7117.0,1,0,0,569.621,8262.1,1.0
1293,189834,4517.7,571.27,135,7927.0,1,0,0,570.101,8310.1,1.0
1294,189954,4519.8,557.27,120,6527.0,1,0,0,567.194,8019.4,1.0
1295,190080,4522.0,577.77,126,8577.0,1,0,0,567.553,8055.3,1.0
1296,190203,4524.6,570.06,123,7806.0,1,0,0,566.317,7931.6,1.0
1297,190347,4527.7,585.84,144,9384.0,1,0,0,567.27,8026.9,1.0
1298,190482,4533.9,562.88,135,7088.0,1,0,0,567.127,8012.8,1.0
1299,190620,4537.0,576.15,138,8415.0,1,0,0,566.984,7998.4,1.0
1300,190758,4540.0,558.92,138,6692.0,1,0,0,566.611,7961.1,1.0
1301,190887,4542.8,578.23,129,8623.0,1,0,0,566.162,7916.2,1.0
1302,191010,4545.4,572.13,123,8013.0,1,0,0,565.508,7850.8,1.0
1303,191127,4548.0,556.69,117,6469.0,1,0,0,564.92,7792.1,1.0
1304,191268,4551.1,576.48,141,8448.0,1,0,0,564.56,7756.1,1.0
1305,191388,4553.7,576.28,120,8428.0,1,0,0,564.793,7779.2,1.0
1306,191526,4556.7,579.37,138,8737.0,1,0,0,564.896,7789.6,1.0
1307,191655,4559.5,577.79,129,8579.0,1,0,0,570.374,7837.4,1.0
1308,191793,4562.5,564.26,138,7226.0,1,0,0,570.058,7805.8,1.0
1309,191922,4565.3,567.76,129,7576.0,1,0,0,570.049,7804.9,1.0
1310,192063,4568.4,579.84,141,8784.0,1,0,0,570.982,7898.2,1.0
1311,192192,4571.1,569.68,129,7768.0,1,0,0,571.092,7909.2,1.0
1312,192333,4574.2,572.83,141,8083.0,1,0,0,571.575,7957.5,1.0
1313,192468,4576.2,582.35,135,9035.0,1,0,0,572.129,8012.9,1.0
1314,192609,4579.6,596.02,141,10402.0,1,0,0,574.067,8206.6,1.0
1315,192738,4581.0,571.38,129,7938.0,1,0,0,573.747,8174.7,1.0
1316,192879,4582.7,581.41,141,8941.0,1,0,0,574.314,8231.5,1.0
1317,193011,4584.5,470.15,132,7815.0,1,0,0,568.53,8153.0,1.0
1318,193155,4587.0,577.01,144,8501.0,1,0,0,569.236,8223.6,1.0
1319,193290,4589.3,563.84,135,7184.0,1,0,0,568.621,8162.1,1.0
1320,193419,4591.5,577.64,129,8564.0,1,0,0,569.557,8255.7,1.0
1321,193554,4593.8,563.54,135,7154.0,1,0,0,568.822,8182.2,1.0
1322,193689,4596.1,575.47,135,8347.0,1,0,0,568.989,8199.0,1.0
1323,193803,4598.1,569.39,114,7739.0,1,0,0,569.625,8262.5,1.0
1324,193923,4600.2,567.35,120,7535.0,1,0,0,569.168,8216.8,1.0
1325,194055,4602.7,578.82,132,8682.0,1,0,0,569.295,8229.5,1.0
1326,194181,4605.4,573.83,126,8183.0,1,0,0,569.018,8201.8,1.0
1327,194304,4607.9,565.24,123,7324.0,1,0,0,568.39,8139.1,1.0
1328,194427,4610.4,566.39,123,7439.0,1,0,0,568.497,8149.7,1.0
1329,194550,4613.0,566.53,123,7453.0,1,0,0,568.435,8143.6,1.0
1330,194679,4618.9,555.8,129,6380.0,1,0,0,567.233,8023.4,1.0
1331,194805,4621.7,571.28,126,7928.0,1,0,0,567.313,8031.4,1.0
1332,194931,4624.4,572.65,126,8065.0,1,0,0,567.304,8030.4,1.0
1333,195057,4627.2,570.13,126,7813.0,1,0,0,566.693,7969.4,1.0
1334,195213,4630.6,571.01,156,7901.0,1,0,0,565.443,7844.3,1.0
1335,195354,4633.4,575.69,141,8369.0,1,0,0,565.658,7865.9,1.0
1336,195474,4634.8,564.75,120,7275.0,1,0,0,564.826,7782.6,1.0
1337,195594,4636.1,567.99,120,7599.0,1,0,0,569.717,7771.8,1.0
1338,195738,4637.8,569.64,144,7764.0,1,0,0,569.349,7734.9,1.0
1339,195876,4639.4,571.35,138,7935.0,1,0,0,569.725,7772.4,1.0
1340,196011,4641.0,575.92,135,8392.0,1,0,0,569.638,7763.9,1.0
1341,196152,4643.8,573.36,141,8136.0,1,0,0,570.13,7812.9,1.0
1342,196269,4646.2,571.27,117,7927.0,1,0,0,569.92,7791.9,1.0
1343,196395,4648.7,573.76,126,8176.0,1,0,0,570.138,7813.8,1.0
1344,196539,4651.6,582.21,144,9021.0,1,0,0,570.881,7888.1,1.0
1345,196665,4657.4,569.97,126,7797.0,1,0,0,570.439,7843.9,1.0
1346,196785,4659.8,569.31,120,7731.0,1,0,0,570.212,7821.2,1.0
1347,196905,4662.3,569.8,120,7780.0,1,0,0,570.44,7844.1,1.0
1348,197046,4665.4,575.79,141,8379.0,1,0,0,570.91,7891.1,1.0
1349,197190,4667.8,570.39,144,7839.0,1,0,0,571.103,7910.4,1.0
1350,197310,4669.2,566.41,120,7441.0,1,0,0,571.634,7963.4,1.0
1351,197436,4670.7,579.84,126,8784.0,1,0,0,572.062,8006.2,1.0
1352,197562,4672.1,575.45,126,8345.0,1,0,0,572.202,8020.2,1.0
1353,197688,4673.6,573.68,126,8168.0,1,0,0,572.38,8037.9,1.0
1354,197817,4675.4,570.69,129,7869.0,1,0,0,572.364,8036.4,1.0
1355,197955,4678.1,562.88,138,7088.0,1,0,0,571.723,7972.3,1.0
1356,198078,4680.6,570.43,123,7843.0,1,0,0,572.007,8000.7,1.0
1357,198201,4683.0,564.5,123,7250.0,1,0,0,571.832,7983.2,1.0
1358,198342,4685.8,565.9,141,7390.0,1,0,0,571.645,7964.6,1.0
1359,198459,4688.1,570.05,117,7805.0,1,0,0,571.58,7958.1,1.0
1360,198597,4690.9,567.5,138,7550.0,1,0,0,571.159,7915.9,1.0
1361,198741,4696.8,565.14,144,7314.0,1,0,0,570.748,7874.9,1.0
1362,198858,4699.2,556.56,117,6456.0,1,0,0,570.013,7801.3,1.0
1363,198981,4701.7,566.37,123,7437.0,1,0,0,569.643,7764.4,1.0
1364,199113,4704.4,571.75,132,7975.0,1,0,0,569.12,7712.1,1.0
1365,199239,4707.0,566.53,126,7453.0,1,0,0,568.948,7694.9,1.0
1366,199377,4709.8,573.03,138,8103.0,1,0,0,569.135,7713.4,1.0
1367,199506,4712.4,569.14,129,7714.0,1,0,0,569.101,7710.1,1.0
1368,199626,4714.9,576.95,120,8495.0,1,0,0,569.16,7715.9,1.0
1369,199755,4717.6,579.81,129,8781.0,1,0,0,569.63,7763.1,1.0
1370,199887,4720.4,576.22,132,8422.0,1,0,0,570.121,7812.1,1.0
1371,200010,4723.0,569.39,123,7739.0,1,0,0,569.598,7759.9,1.0
1372,200133,4725.5,570.99,123,7899.0,1,0,0,569.375,7737.6,1.0
1373,200250,4728.0,565.89,117,7389.0,1,0,0,568.986,7698.6,1.0
1374,200373,4730.6,570.02,123,7802.0,1,0,0,568.952,7695.2,1.0
1375,200502,4733.3,579.89,129,8789.0,1,0,0,569.803,7780.3,1.0
1376,200625,4735.9,558.25,123,6625.0,1,0,0,569.194,7719.4,1.0
